/*
 Navicat Premium Data Transfer

 Source Server         : local
 Source Server Type    : MySQL
 Source Server Version : 100427
 Source Host           : localhost:3306
 Source Schema         : db_prestamos_simple

 Target Server Type    : MySQL
 Target Server Version : 100427
 File Encoding         : 65001

 Date: 19/09/2023 18:24:50
*/

SET NAMES utf8mb4;
SET FOREIGN_KEY_CHECKS = 0;

-- ----------------------------
-- Table structure for clientes
-- ----------------------------
DROP TABLE IF EXISTS `clientes`;
CREATE TABLE `clientes`  (
  `id` int(10) NOT NULL AUTO_INCREMENT,
  `empresa_id` int(10) NULL DEFAULT NULL,
  `cedula` varchar(20) CHARACTER SET utf8 COLLATE utf8_spanish2_ci NULL DEFAULT NULL,
  `nombre` varchar(90) CHARACTER SET utf8 COLLATE utf8_spanish2_ci NULL DEFAULT NULL,
  `direccion` varchar(254) CHARACTER SET utf8 COLLATE utf8_spanish2_ci NULL DEFAULT NULL,
  `negocio` varchar(254) CHARACTER SET utf8 COLLATE utf8_spanish2_ci NULL DEFAULT NULL,
  `ubicacion` varchar(254) CHARACTER SET utf8 COLLATE utf8_spanish2_ci NULL DEFAULT NULL,
  `telefon1` varchar(20) CHARACTER SET utf8 COLLATE utf8_spanish2_ci NULL DEFAULT NULL,
  `telefon2` varchar(20) CHARACTER SET utf8 COLLATE utf8_spanish2_ci NULL DEFAULT NULL,
  `estadocivil` varchar(15) CHARACTER SET utf8 COLLATE utf8_spanish2_ci NULL DEFAULT NULL,
  `sexo` varchar(15) CHARACTER SET utf8 COLLATE utf8_spanish2_ci NULL DEFAULT NULL,
  `email` varchar(100) CHARACTER SET utf8 COLLATE utf8_spanish2_ci NULL DEFAULT NULL,
  `estado` int(1) NULL DEFAULT 1,
  PRIMARY KEY (`id`) USING BTREE,
  INDEX ```codcli```(`id`) USING BTREE,
  INDEX ```nombre```(`nombre`) USING BTREE,
  INDEX ```cempresa```(`empresa_id`) USING BTREE,
  INDEX `cedula`(`cedula`) USING BTREE,
  CONSTRAINT `fk_clientes_clientes_1` FOREIGN KEY (`empresa_id`) REFERENCES `empresa` (`id`) ON DELETE NO ACTION ON UPDATE NO ACTION
) ENGINE = InnoDB AUTO_INCREMENT = 9 CHARACTER SET = utf8 COLLATE = utf8_spanish2_ci ROW_FORMAT = Dynamic;

-- ----------------------------
-- Records of clientes
-- ----------------------------
INSERT INTO `clientes` VALUES (1, 1, '013-0033127-7', 'WILSON MANUEL GONZALEZ MEJIA', 'LOS REYES', '', '', '809-244-4777', '829-315-1696', 'SOLTERO/A', 'MASCULINO', '', 1);
INSERT INTO `clientes` VALUES (5, 1, '013-2552555-5', 'PEDRO OLIVO', 'LOS ALAMOS', 'N/A', 'N/A', '829-958-5888', '858-858-8885', 'UNION LIBRE', 'MASCULINO', '', 1);
INSERT INTO `clientes` VALUES (6, 1, '402-3381531-1', 'JERSIN REYNALDO FERNANDEZ', 'CALLE EUGENIO PERDOMO 2', 'N/A', 'N/A', '809-247-0691', '829-315-1696', 'SOLTERO/A', 'MASCULINO', '', 1);
INSERT INTO `clientes` VALUES (7, 1, '054-0114760-7', 'JOSE VILLA', 'C/ROSARIO #33, MOCA', '', '', '809-578-9337', '809-602-0942', 'CASADO/A', 'MASCULINO', '', 1);
INSERT INTO `clientes` VALUES (8, 1, '012-3366666-5', 'PEDRO LUIS CASADO', 'LOS ALAMOS', 'NINGUNO', 'NINGUNO', '829-555-5255', '829-541-5544', 'SOLTERO/A', 'MASCULINO', '', 1);

-- ----------------------------
-- Table structure for cobradores
-- ----------------------------
DROP TABLE IF EXISTS `cobradores`;
CREATE TABLE `cobradores`  (
  `id` int(10) NOT NULL AUTO_INCREMENT,
  `usuario_id` int(10) NULL DEFAULT NULL,
  `empresa_id` int(10) NULL DEFAULT NULL,
  `estado` int(1) NULL DEFAULT 1,
  PRIMARY KEY (`id`) USING BTREE,
  INDEX ```cempresa```(`empresa_id`) USING BTREE,
  INDEX `codusu`(`usuario_id`) USING BTREE,
  CONSTRAINT `fk_cobradores_cobradores_1` FOREIGN KEY (`empresa_id`) REFERENCES `empresa` (`id`) ON DELETE CASCADE ON UPDATE CASCADE,
  CONSTRAINT `fk_cobradores_cobradores_2` FOREIGN KEY (`usuario_id`) REFERENCES `usuario` (`id`) ON DELETE CASCADE ON UPDATE CASCADE
) ENGINE = InnoDB AUTO_INCREMENT = 14 CHARACTER SET = utf8 COLLATE = utf8_spanish2_ci ROW_FORMAT = Dynamic;

-- ----------------------------
-- Records of cobradores
-- ----------------------------
INSERT INTO `cobradores` VALUES (12, 2, 1, 1);
INSERT INTO `cobradores` VALUES (13, 1, 1, 1);

-- ----------------------------
-- Table structure for cobradores_rutas
-- ----------------------------
DROP TABLE IF EXISTS `cobradores_rutas`;
CREATE TABLE `cobradores_rutas`  (
  `empresa_id` int(10) NULL DEFAULT NULL,
  `cobradores_id` int(10) NULL DEFAULT NULL,
  `rutas_id` int(10) NULL DEFAULT NULL,
  INDEX `empresa_id`(`empresa_id`) USING BTREE,
  INDEX `cobradores_id`(`cobradores_id`) USING BTREE,
  INDEX `rutas_id`(`rutas_id`) USING BTREE,
  CONSTRAINT `fk_cobradores_rutas_cobradores_rutas_1` FOREIGN KEY (`empresa_id`) REFERENCES `empresa` (`id`) ON DELETE CASCADE ON UPDATE CASCADE,
  CONSTRAINT `fk_cobradores_rutas_cobradores_rutas_2` FOREIGN KEY (`cobradores_id`) REFERENCES `cobradores` (`id`) ON DELETE CASCADE ON UPDATE CASCADE,
  CONSTRAINT `fk_cobradores_rutas_cobradores_rutas_3` FOREIGN KEY (`rutas_id`) REFERENCES `rutas` (`id`) ON DELETE CASCADE ON UPDATE CASCADE
) ENGINE = InnoDB CHARACTER SET = utf8 COLLATE = utf8_spanish2_ci ROW_FORMAT = Dynamic;

-- ----------------------------
-- Records of cobradores_rutas
-- ----------------------------
INSERT INTO `cobradores_rutas` VALUES (1, 12, 3);
INSERT INTO `cobradores_rutas` VALUES (1, 13, 3);
INSERT INTO `cobradores_rutas` VALUES (1, 12, 2);
INSERT INTO `cobradores_rutas` VALUES (1, 13, 2);
INSERT INTO `cobradores_rutas` VALUES (1, 13, 1);
INSERT INTO `cobradores_rutas` VALUES (1, 12, 1);
INSERT INTO `cobradores_rutas` VALUES (1, 12, 4);
INSERT INTO `cobradores_rutas` VALUES (1, 13, 4);

-- ----------------------------
-- Table structure for codigos
-- ----------------------------
DROP TABLE IF EXISTS `codigos`;
CREATE TABLE `codigos`  (
  `empresa_id` int(10) NULL DEFAULT NULL,
  `configuracion_id` int(5) NULL DEFAULT NULL,
  `usuarios_id` int(10) NULL DEFAULT NULL,
  `cobradores_id` int(10) NULL DEFAULT NULL,
  `clientes_id` int(10) NULL DEFAULT NULL,
  `rutas_id` int(10) NULL DEFAULT NULL,
  `moras_id` int(20) NULL DEFAULT NULL,
  `pagos_id` int(20) NULL DEFAULT NULL,
  `prestamos_id` int(20) NULL DEFAULT NULL,
  INDEX `empresa_id`(`empresa_id`) USING BTREE
) ENGINE = InnoDB CHARACTER SET = utf8 COLLATE = utf8_spanish2_ci ROW_FORMAT = Dynamic;

-- ----------------------------
-- Table structure for configuracion
-- ----------------------------
DROP TABLE IF EXISTS `configuracion`;
CREATE TABLE `configuracion`  (
  `id` int(5) NOT NULL AUTO_INCREMENT,
  `empresa_id` int(10) NULL DEFAULT NULL,
  `descripcion` varchar(200) CHARACTER SET utf8 COLLATE utf8_spanish2_ci NULL DEFAULT NULL,
  `valor` double(10, 2) NOT NULL,
  `estado` int(1) NULL DEFAULT 1,
  PRIMARY KEY (`id`) USING BTREE,
  INDEX `empresa_id`(`empresa_id`) USING BTREE,
  CONSTRAINT `fk_configuracion_configuracion_1` FOREIGN KEY (`empresa_id`) REFERENCES `empresa` (`id`) ON DELETE RESTRICT ON UPDATE RESTRICT
) ENGINE = InnoDB AUTO_INCREMENT = 7 CHARACTER SET = utf8 COLLATE = utf8_spanish2_ci ROW_FORMAT = Dynamic;

-- ----------------------------
-- Records of configuracion
-- ----------------------------
INSERT INTO `configuracion` VALUES (1, 1, 'MORA', 25.45, 1);
INSERT INTO `configuracion` VALUES (2, 1, 'SEGURO', 5.80, 1);
INSERT INTO `configuracion` VALUES (3, 1, 'DIAS GRACIAS', 2.00, 1);

-- ----------------------------
-- Table structure for cuotas
-- ----------------------------
DROP TABLE IF EXISTS `cuotas`;
CREATE TABLE `cuotas`  (
  `prestamos_id` int(20) NULL DEFAULT NULL,
  `empresa_id` int(10) NULL DEFAULT NULL,
  `fecha` varchar(20) CHARACTER SET utf8 COLLATE utf8_spanish2_ci NULL DEFAULT NULL,
  `npago` int(10) NULL DEFAULT NULL,
  `capital` double(15, 2) NOT NULL,
  `interes` double(15, 2) NOT NULL,
  `seguro` double(15, 2) NOT NULL,
  `pcapital` double(15, 2) NOT NULL,
  `pinteres` double(15, 2) NOT NULL,
  `pseguro` double(15, 2) NOT NULL,
  INDEX ```numero```(`prestamos_id`) USING BTREE,
  INDEX ```cempresa```(`empresa_id`) USING BTREE,
  INDEX ```npago```(`npago`) USING BTREE,
  INDEX ```fecha```(`fecha`) USING BTREE,
  CONSTRAINT `fk_cuotas_cuotas_1` FOREIGN KEY (`prestamos_id`) REFERENCES `prestamos` (`id`) ON DELETE RESTRICT ON UPDATE RESTRICT,
  CONSTRAINT `fk_cuotas_cuotas_2` FOREIGN KEY (`empresa_id`) REFERENCES `empresa` (`id`) ON DELETE RESTRICT ON UPDATE RESTRICT
) ENGINE = InnoDB CHARACTER SET = utf8 COLLATE = utf8_spanish2_ci ROW_FORMAT = Dynamic;

-- ----------------------------
-- Records of cuotas
-- ----------------------------
INSERT INTO `cuotas` VALUES (1, 1, '27/07/2023', 1, 1943.96, 312.50, 0.00, 1943.96, 312.50, 0.00);
INSERT INTO `cuotas` VALUES (1, 1, '27/09/2023', 2, 1968.26, 288.20, 0.00, 1968.26, 288.20, 0.00);
INSERT INTO `cuotas` VALUES (1, 1, '27/10/2023', 3, 1992.86, 263.60, 0.00, 1992.86, 263.60, 0.00);
INSERT INTO `cuotas` VALUES (1, 1, '27/11/2023', 4, 2017.77, 238.69, 0.00, 2017.77, 238.69, 0.00);
INSERT INTO `cuotas` VALUES (1, 1, '27/12/2023', 5, 2043.00, 213.46, 0.00, 2043.00, 213.46, 0.00);
INSERT INTO `cuotas` VALUES (1, 1, '27/01/2024', 6, 2068.53, 187.93, 0.00, 2068.53, 187.93, 0.00);
INSERT INTO `cuotas` VALUES (1, 1, '27/02/2024', 7, 2094.39, 162.07, 0.00, 2094.39, 162.07, 0.00);
INSERT INTO `cuotas` VALUES (1, 1, '26/03/2024', 8, 2120.57, 135.89, 0.00, 2120.57, 135.89, 0.00);
INSERT INTO `cuotas` VALUES (1, 1, '26/04/2024', 9, 2147.08, 109.38, 0.00, 2147.08, 109.38, 0.00);
INSERT INTO `cuotas` VALUES (1, 1, '26/05/2024', 10, 2173.92, 82.54, 0.00, 2173.92, 82.54, 0.00);
INSERT INTO `cuotas` VALUES (1, 1, '26/06/2024', 11, 2201.09, 55.37, 0.00, 2201.09, 55.37, 0.00);
INSERT INTO `cuotas` VALUES (1, 1, '26/07/2024', 12, 2228.60, 27.86, 0.00, 2228.60, 27.86, 0.00);
INSERT INTO `cuotas` VALUES (2, 1, '27/08/2023', 1, 7647.31, 1500.00, 0.00, 7647.31, 1500.00, 0.00);
INSERT INTO `cuotas` VALUES (2, 1, '27/09/2023', 2, 7723.78, 1423.53, 0.00, 7723.78, 1423.53, 0.00);
INSERT INTO `cuotas` VALUES (2, 1, '27/10/2023', 3, 7801.02, 1346.29, 0.00, 7801.02, 1346.29, 0.00);
INSERT INTO `cuotas` VALUES (2, 1, '27/11/2023', 4, 7879.03, 1268.28, 0.00, 7879.03, 1268.28, 0.00);
INSERT INTO `cuotas` VALUES (2, 1, '27/12/2023', 5, 7957.82, 1189.49, 0.00, 7957.82, 1189.49, 0.00);
INSERT INTO `cuotas` VALUES (2, 1, '27/01/2024', 6, 8037.40, 1109.91, 0.00, 8037.40, 1109.91, 0.00);
INSERT INTO `cuotas` VALUES (2, 1, '27/02/2024', 7, 8117.77, 1029.54, 0.00, 8117.77, 1029.54, 0.00);
INSERT INTO `cuotas` VALUES (2, 1, '26/03/2024', 8, 8198.95, 948.36, 0.00, 8198.95, 948.36, 0.00);
INSERT INTO `cuotas` VALUES (2, 1, '26/04/2024', 9, 8280.94, 866.37, 0.00, 8280.94, 866.37, 0.00);
INSERT INTO `cuotas` VALUES (2, 1, '26/05/2024', 10, 8363.75, 783.56, 0.00, 8363.75, 783.56, 0.00);
INSERT INTO `cuotas` VALUES (2, 1, '26/06/2024', 11, 8447.39, 699.92, 0.00, 8447.39, 699.92, 0.00);
INSERT INTO `cuotas` VALUES (2, 1, '26/07/2024', 12, 8531.86, 615.45, 0.00, 8531.86, 615.45, 0.00);
INSERT INTO `cuotas` VALUES (2, 1, '26/08/2024', 13, 8617.18, 530.13, 0.00, 8617.18, 530.13, 0.00);
INSERT INTO `cuotas` VALUES (2, 1, '26/09/2024', 14, 8703.35, 443.96, 0.00, 8703.35, 443.96, 0.00);
INSERT INTO `cuotas` VALUES (2, 1, '26/10/2024', 15, 8790.39, 356.92, 0.00, 8790.39, 356.92, 0.00);
INSERT INTO `cuotas` VALUES (2, 1, '26/11/2024', 16, 8878.29, 269.02, 0.00, 8878.29, 269.02, 0.00);
INSERT INTO `cuotas` VALUES (2, 1, '26/12/2024', 17, 8967.07, 180.24, 0.00, 8967.07, 180.24, 0.00);
INSERT INTO `cuotas` VALUES (2, 1, '26/01/2025', 18, 9056.74, 90.57, 0.00, 9056.74, 90.57, 0.00);
INSERT INTO `cuotas` VALUES (3, 1, '27/08/2023', 1, 1943.96, 312.50, 0.00, 1943.96, 312.50, 0.00);
INSERT INTO `cuotas` VALUES (3, 1, '27/09/2023', 2, 1968.26, 288.20, 0.00, 1968.26, 288.20, 0.00);
INSERT INTO `cuotas` VALUES (3, 1, '27/10/2023', 3, 1992.86, 263.60, 0.00, 1992.86, 263.60, 0.00);
INSERT INTO `cuotas` VALUES (3, 1, '27/11/2023', 4, 2017.77, 238.69, 0.00, 2017.77, 238.69, 0.00);
INSERT INTO `cuotas` VALUES (3, 1, '27/12/2023', 5, 2043.00, 213.46, 0.00, 2043.00, 213.46, 0.00);
INSERT INTO `cuotas` VALUES (3, 1, '27/01/2024', 6, 2068.53, 187.93, 0.00, 2068.53, 187.93, 0.00);
INSERT INTO `cuotas` VALUES (3, 1, '27/02/2024', 7, 2094.39, 162.07, 0.00, 2094.39, 162.07, 0.00);
INSERT INTO `cuotas` VALUES (3, 1, '26/03/2024', 8, 2120.57, 135.89, 0.00, 2120.57, 135.89, 0.00);
INSERT INTO `cuotas` VALUES (3, 1, '26/04/2024', 9, 2147.08, 109.38, 0.00, 2147.08, 109.38, 0.00);
INSERT INTO `cuotas` VALUES (3, 1, '26/05/2024', 10, 2173.92, 82.54, 0.00, 2173.92, 82.54, 0.00);
INSERT INTO `cuotas` VALUES (3, 1, '26/06/2024', 11, 2201.09, 55.37, 0.00, 2201.09, 55.37, 0.00);
INSERT INTO `cuotas` VALUES (3, 1, '26/07/2024', 12, 2228.60, 27.86, 0.00, 2228.60, 27.86, 0.00);
INSERT INTO `cuotas` VALUES (4, 1, '27/08/2023', 1, 580.36, 250.00, 0.00, 580.36, 250.00, 0.00);
INSERT INTO `cuotas` VALUES (4, 1, '27/09/2023', 2, 586.16, 244.20, 0.00, 586.16, 244.20, 0.00);
INSERT INTO `cuotas` VALUES (4, 1, '27/10/2023', 3, 592.03, 238.33, 0.00, 592.03, 238.33, 0.00);
INSERT INTO `cuotas` VALUES (4, 1, '27/11/2023', 4, 597.95, 232.41, 0.00, 597.95, 232.41, 0.00);
INSERT INTO `cuotas` VALUES (4, 1, '27/12/2023', 5, 603.92, 226.44, 0.00, 603.92, 226.44, 0.00);
INSERT INTO `cuotas` VALUES (4, 1, '27/01/2024', 6, 609.96, 220.40, 0.00, 609.96, 220.40, 0.00);
INSERT INTO `cuotas` VALUES (4, 1, '27/02/2024', 7, 616.06, 214.30, 0.00, 616.06, 214.30, 0.00);
INSERT INTO `cuotas` VALUES (4, 1, '26/03/2024', 8, 622.22, 208.14, 0.00, 622.22, 208.14, 0.00);
INSERT INTO `cuotas` VALUES (4, 1, '26/04/2024', 9, 628.45, 201.91, 0.00, 628.45, 201.91, 0.00);
INSERT INTO `cuotas` VALUES (4, 1, '26/05/2024', 10, 634.73, 195.63, 0.00, 634.73, 195.63, 0.00);
INSERT INTO `cuotas` VALUES (4, 1, '26/06/2024', 11, 641.08, 189.28, 0.00, 641.08, 189.28, 0.00);
INSERT INTO `cuotas` VALUES (4, 1, '26/07/2024', 12, 647.49, 182.87, 0.00, 647.49, 182.87, 0.00);
INSERT INTO `cuotas` VALUES (4, 1, '26/08/2024', 13, 653.96, 176.40, 0.00, 653.96, 176.40, 0.00);
INSERT INTO `cuotas` VALUES (4, 1, '26/09/2024', 14, 660.50, 169.86, 0.00, 660.50, 169.86, 0.00);
INSERT INTO `cuotas` VALUES (4, 1, '26/10/2024', 15, 667.11, 163.25, 0.00, 667.11, 163.25, 0.00);
INSERT INTO `cuotas` VALUES (4, 1, '26/11/2024', 16, 673.78, 156.58, 0.00, 673.78, 156.58, 0.00);
INSERT INTO `cuotas` VALUES (4, 1, '26/12/2024', 17, 680.52, 149.84, 0.00, 680.52, 149.84, 0.00);
INSERT INTO `cuotas` VALUES (4, 1, '26/01/2025', 18, 687.32, 143.04, 0.00, 687.32, 143.04, 0.00);
INSERT INTO `cuotas` VALUES (4, 1, '26/02/2025', 19, 694.20, 136.16, 0.00, 694.20, 136.16, 0.00);
INSERT INTO `cuotas` VALUES (4, 1, '26/03/2025', 20, 701.14, 129.22, 0.00, 701.14, 129.22, 0.00);
INSERT INTO `cuotas` VALUES (4, 1, '26/04/2025', 21, 708.15, 122.21, 0.00, 708.15, 122.21, 0.00);
INSERT INTO `cuotas` VALUES (4, 1, '26/05/2025', 22, 715.23, 115.13, 0.00, 715.23, 115.13, 0.00);
INSERT INTO `cuotas` VALUES (4, 1, '26/06/2025', 23, 722.38, 107.98, 0.00, 722.38, 107.98, 0.00);
INSERT INTO `cuotas` VALUES (4, 1, '26/07/2025', 24, 729.61, 100.75, 0.00, 729.61, 100.75, 0.00);
INSERT INTO `cuotas` VALUES (4, 1, '26/08/2025', 25, 736.90, 93.46, 0.00, 736.90, 93.46, 0.00);
INSERT INTO `cuotas` VALUES (4, 1, '26/09/2025', 26, 744.27, 86.09, 0.00, 744.27, 86.09, 0.00);
INSERT INTO `cuotas` VALUES (4, 1, '26/10/2025', 27, 751.71, 78.65, 0.00, 751.71, 78.65, 0.00);
INSERT INTO `cuotas` VALUES (4, 1, '26/11/2025', 28, 759.23, 71.13, 0.00, 759.23, 71.13, 0.00);
INSERT INTO `cuotas` VALUES (4, 1, '26/12/2025', 29, 766.82, 63.54, 0.00, 766.82, 63.54, 0.00);
INSERT INTO `cuotas` VALUES (4, 1, '26/01/2026', 30, 774.49, 55.87, 0.00, 774.49, 55.87, 0.00);
INSERT INTO `cuotas` VALUES (4, 1, '26/02/2026', 31, 782.24, 48.12, 0.00, 782.24, 48.12, 0.00);
INSERT INTO `cuotas` VALUES (4, 1, '26/03/2026', 32, 790.06, 40.30, 0.00, 790.06, 40.30, 0.00);
INSERT INTO `cuotas` VALUES (4, 1, '26/04/2026', 33, 797.96, 32.40, 0.00, 797.96, 32.40, 0.00);
INSERT INTO `cuotas` VALUES (4, 1, '26/05/2026', 34, 805.94, 24.42, 0.00, 805.94, 24.42, 0.00);
INSERT INTO `cuotas` VALUES (4, 1, '26/06/2026', 35, 814.00, 16.36, 0.00, 814.00, 16.36, 0.00);
INSERT INTO `cuotas` VALUES (4, 1, '26/07/2026', 36, 822.14, 8.22, 0.00, 822.14, 8.22, 0.00);
INSERT INTO `cuotas` VALUES (5, 1, '11/08/2023', 1, 1269.94, 260.42, 0.00, 1269.94, 260.42, 0.00);
INSERT INTO `cuotas` VALUES (5, 1, '26/08/2023', 2, 1283.17, 247.19, 0.00, 1283.17, 247.19, 0.00);
INSERT INTO `cuotas` VALUES (5, 1, '10/09/2023', 3, 1296.54, 233.82, 0.00, 1296.54, 233.82, 0.00);
INSERT INTO `cuotas` VALUES (5, 1, '25/09/2023', 4, 1310.04, 220.32, 0.00, 1310.04, 220.32, 0.00);
INSERT INTO `cuotas` VALUES (5, 1, '10/10/2023', 5, 1323.69, 206.67, 0.00, 1323.69, 206.67, 0.00);
INSERT INTO `cuotas` VALUES (5, 1, '25/10/2023', 6, 1337.48, 192.88, 0.00, 1337.48, 192.88, 0.00);
INSERT INTO `cuotas` VALUES (5, 1, '09/11/2023', 7, 1351.41, 178.95, 0.00, 1351.41, 178.95, 0.00);
INSERT INTO `cuotas` VALUES (5, 1, '24/11/2023', 8, 1365.49, 164.87, 0.00, 1365.49, 164.87, 0.00);
INSERT INTO `cuotas` VALUES (5, 1, '09/12/2023', 9, 1379.71, 150.65, 0.00, 1379.71, 150.65, 0.00);
INSERT INTO `cuotas` VALUES (5, 1, '24/12/2023', 10, 1394.08, 136.28, 0.00, 1394.08, 136.28, 0.00);
INSERT INTO `cuotas` VALUES (5, 1, '08/01/2024', 11, 1408.61, 121.75, 0.00, 1408.61, 121.75, 0.00);
INSERT INTO `cuotas` VALUES (5, 1, '23/01/2024', 12, 1423.28, 107.08, 0.00, 1423.28, 107.08, 0.00);
INSERT INTO `cuotas` VALUES (5, 1, '07/02/2024', 13, 1438.10, 92.26, 0.00, 1438.10, 92.26, 0.00);
INSERT INTO `cuotas` VALUES (5, 1, '22/02/2024', 14, 1453.08, 77.28, 0.00, 1453.08, 77.28, 0.00);
INSERT INTO `cuotas` VALUES (5, 1, '08/03/2024', 15, 1468.22, 62.14, 0.00, 1468.22, 62.14, 0.00);
INSERT INTO `cuotas` VALUES (5, 1, '23/03/2024', 16, 1483.51, 46.85, 0.00, 1483.51, 46.85, 0.00);
INSERT INTO `cuotas` VALUES (5, 1, '07/04/2024', 17, 1498.97, 31.39, 0.00, 1498.97, 31.39, 0.00);
INSERT INTO `cuotas` VALUES (5, 1, '22/04/2024', 18, 1514.58, 15.78, 0.00, 1514.58, 15.78, 0.00);
INSERT INTO `cuotas` VALUES (6, 1, '27/08/2023', 1, 1166.37, 187.50, 0.00, 1166.37, 187.50, 0.00);
INSERT INTO `cuotas` VALUES (6, 1, '27/09/2023', 2, 1180.95, 172.92, 0.00, 1180.95, 172.92, 0.00);
INSERT INTO `cuotas` VALUES (6, 1, '27/10/2023', 3, 1195.71, 158.16, 0.00, 1195.71, 158.16, 0.00);
INSERT INTO `cuotas` VALUES (6, 1, '27/11/2023', 4, 1210.66, 143.21, 0.00, 1210.66, 143.21, 0.00);
INSERT INTO `cuotas` VALUES (6, 1, '27/12/2023', 5, 1225.79, 128.08, 0.00, 1225.79, 128.08, 0.00);
INSERT INTO `cuotas` VALUES (6, 1, '27/01/2024', 6, 1241.11, 112.76, 0.00, 1241.11, 112.76, 0.00);
INSERT INTO `cuotas` VALUES (6, 1, '27/02/2024', 7, 1256.63, 97.24, 0.00, 1256.63, 97.24, 0.00);
INSERT INTO `cuotas` VALUES (6, 1, '26/03/2024', 8, 1272.34, 81.53, 0.00, 1272.34, 81.53, 0.00);
INSERT INTO `cuotas` VALUES (6, 1, '26/04/2024', 9, 1288.24, 65.63, 0.00, 1288.24, 65.63, 0.00);
INSERT INTO `cuotas` VALUES (6, 1, '26/05/2024', 10, 1304.34, 49.53, 0.00, 1304.34, 49.53, 0.00);
INSERT INTO `cuotas` VALUES (6, 1, '26/06/2024', 11, 1320.65, 33.22, 0.00, 1320.65, 33.22, 0.00);
INSERT INTO `cuotas` VALUES (6, 1, '26/07/2024', 12, 1337.15, 16.72, 0.00, 1337.15, 16.72, 0.00);
INSERT INTO `cuotas` VALUES (7, 1, '27/08/2023', 1, 748.27, 187.50, 0.00, 748.27, 187.50, 0.00);
INSERT INTO `cuotas` VALUES (7, 1, '27/09/2023', 2, 757.62, 178.15, 0.00, 757.62, 178.15, 0.00);
INSERT INTO `cuotas` VALUES (7, 1, '27/10/2023', 3, 767.09, 168.68, 0.00, 767.09, 168.68, 0.00);
INSERT INTO `cuotas` VALUES (7, 1, '27/11/2023', 4, 776.68, 159.09, 0.00, 776.68, 159.09, 0.00);
INSERT INTO `cuotas` VALUES (7, 1, '27/12/2023', 5, 786.39, 149.38, 0.00, 786.39, 149.38, 0.00);
INSERT INTO `cuotas` VALUES (7, 1, '27/01/2024', 6, 796.22, 139.55, 0.00, 796.22, 139.55, 0.00);
INSERT INTO `cuotas` VALUES (7, 1, '27/02/2024', 7, 806.17, 129.60, 0.00, 806.17, 129.60, 0.00);
INSERT INTO `cuotas` VALUES (7, 1, '26/03/2024', 8, 816.25, 119.52, 0.00, 816.25, 119.52, 0.00);
INSERT INTO `cuotas` VALUES (7, 1, '26/04/2024', 9, 826.45, 109.32, 0.00, 826.45, 109.32, 0.00);
INSERT INTO `cuotas` VALUES (7, 1, '26/05/2024', 10, 836.78, 98.99, 0.00, 836.78, 98.99, 0.00);
INSERT INTO `cuotas` VALUES (7, 1, '26/06/2024', 11, 847.24, 88.53, 0.00, 847.24, 88.53, 0.00);
INSERT INTO `cuotas` VALUES (7, 1, '26/07/2024', 12, 857.83, 77.94, 0.00, 857.83, 77.94, 0.00);
INSERT INTO `cuotas` VALUES (7, 1, '26/08/2024', 13, 868.56, 67.21, 0.00, 868.56, 67.21, 0.00);
INSERT INTO `cuotas` VALUES (7, 1, '26/09/2024', 14, 879.41, 56.36, 0.00, 879.41, 56.36, 0.00);
INSERT INTO `cuotas` VALUES (7, 1, '26/10/2024', 15, 890.41, 45.36, 0.00, 890.41, 45.36, 0.00);
INSERT INTO `cuotas` VALUES (7, 1, '26/11/2024', 16, 901.54, 34.23, 0.00, 901.54, 34.23, 0.00);
INSERT INTO `cuotas` VALUES (7, 1, '26/12/2024', 17, 912.81, 22.96, 0.00, 912.81, 22.96, 0.00);
INSERT INTO `cuotas` VALUES (7, 1, '26/01/2025', 18, 924.22, 11.55, 0.00, 924.22, 11.55, 0.00);
INSERT INTO `cuotas` VALUES (8, 1, '3/8/2023', 1, 742.85, 200.00, 0.00, 742.85, 200.00, 0.00);
INSERT INTO `cuotas` VALUES (8, 1, '10/8/2023', 2, 752.75, 190.10, 0.00, 752.75, 190.10, 0.00);
INSERT INTO `cuotas` VALUES (8, 1, '17/8/2023', 3, 762.79, 180.06, 0.00, 762.79, 180.06, 0.00);
INSERT INTO `cuotas` VALUES (8, 1, '24/8/2023', 4, 772.96, 169.89, 0.00, 772.96, 169.89, 0.00);
INSERT INTO `cuotas` VALUES (8, 1, '31/8/2023', 5, 783.27, 159.58, 0.00, 783.27, 159.58, 0.00);
INSERT INTO `cuotas` VALUES (8, 1, '7/9/2023', 6, 793.71, 149.14, 0.00, 793.71, 149.14, 0.00);
INSERT INTO `cuotas` VALUES (8, 1, '14/9/2023', 7, 804.29, 138.56, 0.00, 804.29, 138.56, 0.00);
INSERT INTO `cuotas` VALUES (8, 1, '21/9/2023', 8, 815.02, 127.83, 0.00, 815.02, 127.83, 0.00);
INSERT INTO `cuotas` VALUES (8, 1, '28/9/2023', 9, 825.89, 116.96, 0.00, 825.89, 116.96, 0.00);
INSERT INTO `cuotas` VALUES (8, 1, '5/10/2023', 10, 836.90, 105.95, 0.00, 836.90, 105.95, 0.00);
INSERT INTO `cuotas` VALUES (8, 1, '12/10/2023', 11, 848.06, 94.79, 0.00, 848.06, 94.79, 0.00);
INSERT INTO `cuotas` VALUES (8, 1, '19/10/2023', 12, 859.36, 83.49, 0.00, 859.36, 83.49, 0.00);
INSERT INTO `cuotas` VALUES (8, 1, '26/10/2023', 13, 870.82, 72.03, 0.00, 870.82, 72.03, 0.00);
INSERT INTO `cuotas` VALUES (8, 1, '2/11/2023', 14, 882.43, 60.42, 0.00, 882.43, 60.42, 0.00);
INSERT INTO `cuotas` VALUES (8, 1, '9/11/2023', 15, 894.20, 48.65, 0.00, 894.20, 48.65, 0.00);
INSERT INTO `cuotas` VALUES (8, 1, '16/11/2023', 16, 906.12, 36.73, 0.00, 906.12, 36.73, 0.00);
INSERT INTO `cuotas` VALUES (8, 1, '23/11/2023', 17, 918.20, 24.65, 0.00, 918.20, 24.65, 0.00);
INSERT INTO `cuotas` VALUES (8, 1, '30/11/2023', 18, 930.45, 12.40, 0.00, 930.45, 12.40, 0.00);
INSERT INTO `cuotas` VALUES (9, 1, '27/8/2023', 1, 742.85, 200.00, 0.00, 742.85, 200.00, 0.00);
INSERT INTO `cuotas` VALUES (9, 1, '27/9/2023', 2, 752.75, 190.10, 0.00, 752.75, 190.10, 0.00);
INSERT INTO `cuotas` VALUES (9, 1, '27/10/2023', 3, 762.79, 180.06, 0.00, 762.79, 180.06, 0.00);
INSERT INTO `cuotas` VALUES (9, 1, '27/11/2023', 4, 772.96, 169.89, 0.00, 772.96, 169.89, 0.00);
INSERT INTO `cuotas` VALUES (9, 1, '27/12/2023', 5, 783.27, 159.58, 0.00, 783.27, 159.58, 0.00);
INSERT INTO `cuotas` VALUES (9, 1, '27/1/2024', 6, 793.71, 149.14, 0.00, 793.71, 149.14, 0.00);
INSERT INTO `cuotas` VALUES (9, 1, '27/2/2024', 7, 804.29, 138.56, 0.00, 804.29, 138.56, 0.00);
INSERT INTO `cuotas` VALUES (9, 1, '26/3/2024', 8, 815.02, 127.83, 0.00, 815.02, 127.83, 0.00);
INSERT INTO `cuotas` VALUES (9, 1, '26/4/2024', 9, 825.89, 116.96, 0.00, 825.89, 116.96, 0.00);
INSERT INTO `cuotas` VALUES (9, 1, '26/5/2024', 10, 836.90, 105.95, 0.00, 836.90, 105.95, 0.00);
INSERT INTO `cuotas` VALUES (9, 1, '26/6/2024', 11, 848.06, 94.79, 0.00, 848.06, 94.79, 0.00);
INSERT INTO `cuotas` VALUES (9, 1, '26/7/2024', 12, 859.36, 83.49, 0.00, 859.36, 83.49, 0.00);
INSERT INTO `cuotas` VALUES (9, 1, '26/8/2024', 13, 870.82, 72.03, 0.00, 870.82, 72.03, 0.00);
INSERT INTO `cuotas` VALUES (9, 1, '26/9/2024', 14, 882.43, 60.42, 0.00, 882.43, 60.42, 0.00);
INSERT INTO `cuotas` VALUES (9, 1, '26/10/2024', 15, 894.20, 48.65, 0.00, 894.20, 48.65, 0.00);
INSERT INTO `cuotas` VALUES (9, 1, '26/11/2024', 16, 906.12, 36.73, 0.00, 906.12, 36.73, 0.00);
INSERT INTO `cuotas` VALUES (9, 1, '26/12/2024', 17, 918.20, 24.65, 0.00, 918.20, 24.65, 0.00);
INSERT INTO `cuotas` VALUES (9, 1, '26/1/2025', 18, 930.45, 12.40, 0.00, 930.45, 12.40, 0.00);
INSERT INTO `cuotas` VALUES (10, 1, '27/8/2023', 1, 1166.37, 187.50, 0.00, 1166.37, 187.50, 0.00);
INSERT INTO `cuotas` VALUES (10, 1, '27/9/2023', 2, 1180.95, 172.92, 0.00, 1180.95, 172.92, 0.00);
INSERT INTO `cuotas` VALUES (10, 1, '27/10/2023', 3, 1195.71, 158.16, 0.00, 1195.71, 158.16, 0.00);
INSERT INTO `cuotas` VALUES (10, 1, '27/11/2023', 4, 1210.66, 143.21, 0.00, 1210.66, 143.21, 0.00);
INSERT INTO `cuotas` VALUES (10, 1, '27/12/2023', 5, 1225.79, 128.08, 0.00, 1225.79, 128.08, 0.00);
INSERT INTO `cuotas` VALUES (10, 1, '27/1/2024', 6, 1241.11, 112.76, 0.00, 1241.11, 112.76, 0.00);
INSERT INTO `cuotas` VALUES (10, 1, '27/2/2024', 7, 1256.63, 97.24, 0.00, 1256.63, 97.24, 0.00);
INSERT INTO `cuotas` VALUES (10, 1, '26/3/2024', 8, 1272.34, 81.53, 0.00, 1272.34, 81.53, 0.00);
INSERT INTO `cuotas` VALUES (10, 1, '26/4/2024', 9, 1288.24, 65.63, 0.00, 1288.24, 65.63, 0.00);
INSERT INTO `cuotas` VALUES (10, 1, '26/5/2024', 10, 1304.34, 49.53, 0.00, 1304.34, 49.53, 0.00);
INSERT INTO `cuotas` VALUES (10, 1, '26/6/2024', 11, 1320.65, 33.22, 0.00, 1320.65, 33.22, 0.00);
INSERT INTO `cuotas` VALUES (10, 1, '26/7/2024', 12, 1337.15, 16.72, 0.00, 1337.15, 16.72, 0.00);
INSERT INTO `cuotas` VALUES (11, 1, '27/08/2023', 1, 5804.81, 1000.00, 0.00, 5804.81, 1000.00, 0.00);
INSERT INTO `cuotas` VALUES (11, 1, '27/09/2023', 2, 5882.21, 922.60, 0.00, 5882.21, 922.60, 0.00);
INSERT INTO `cuotas` VALUES (11, 1, '27/10/2023', 3, 5960.64, 844.17, 0.00, 5960.64, 844.17, 0.00);
INSERT INTO `cuotas` VALUES (11, 1, '27/11/2023', 4, 6040.11, 764.70, 0.00, 6040.11, 764.70, 0.00);
INSERT INTO `cuotas` VALUES (11, 1, '27/12/2023', 5, 6120.65, 684.16, 0.00, 6120.65, 684.16, 0.00);
INSERT INTO `cuotas` VALUES (11, 1, '27/01/2024', 6, 6202.26, 602.55, 0.00, 6202.26, 602.55, 0.00);
INSERT INTO `cuotas` VALUES (11, 1, '27/02/2024', 7, 6284.95, 519.86, 0.00, 6284.95, 519.86, 0.00);
INSERT INTO `cuotas` VALUES (11, 1, '26/03/2024', 8, 6368.75, 436.06, 0.00, 6368.75, 436.06, 0.00);
INSERT INTO `cuotas` VALUES (11, 1, '26/04/2024', 9, 6453.67, 351.14, 0.00, 6453.67, 351.14, 0.00);
INSERT INTO `cuotas` VALUES (11, 1, '26/05/2024', 10, 6539.72, 265.09, 0.00, 6539.72, 265.09, 0.00);
INSERT INTO `cuotas` VALUES (11, 1, '26/06/2024', 11, 6626.91, 177.90, 0.00, 6626.91, 177.90, 0.00);
INSERT INTO `cuotas` VALUES (11, 1, '26/07/2024', 12, 6715.27, 89.54, 0.00, 6715.27, 89.54, 0.00);
INSERT INTO `cuotas` VALUES (12, 1, '27/08/2023', 1, 1934.94, 333.33, 0.00, 1934.94, 333.33, 0.00);
INSERT INTO `cuotas` VALUES (12, 1, '27/09/2023', 2, 1960.74, 307.53, 0.00, 1960.74, 307.53, 0.00);
INSERT INTO `cuotas` VALUES (12, 1, '27/10/2023', 3, 1986.88, 281.39, 0.00, 1986.88, 281.39, 0.00);
INSERT INTO `cuotas` VALUES (12, 1, '27/11/2023', 4, 2013.37, 254.90, 0.00, 2013.37, 254.90, 0.00);
INSERT INTO `cuotas` VALUES (12, 1, '27/12/2023', 5, 2040.22, 228.05, 0.00, 2040.22, 228.05, 0.00);
INSERT INTO `cuotas` VALUES (12, 1, '27/01/2024', 6, 2067.42, 200.85, 0.00, 2067.42, 200.85, 0.00);
INSERT INTO `cuotas` VALUES (12, 1, '27/02/2024', 7, 2094.98, 173.29, 0.00, 2094.98, 173.29, 0.00);
INSERT INTO `cuotas` VALUES (12, 1, '26/03/2024', 8, 2122.92, 145.35, 0.00, 2122.92, 145.35, 0.00);
INSERT INTO `cuotas` VALUES (12, 1, '26/04/2024', 9, 2151.22, 117.05, 0.00, 2151.22, 117.05, 0.00);
INSERT INTO `cuotas` VALUES (12, 1, '26/05/2024', 10, 2179.91, 88.36, 0.00, 2179.91, 88.36, 0.00);
INSERT INTO `cuotas` VALUES (12, 1, '26/06/2024', 11, 2208.97, 59.30, 0.00, 2208.97, 59.30, 0.00);
INSERT INTO `cuotas` VALUES (12, 1, '26/07/2024', 12, 2238.42, 29.85, 0.00, 2238.42, 29.85, 0.00);
INSERT INTO `cuotas` VALUES (13, 1, '28/07/2023', 1, 5804.81, 1000.00, 0.00, 5804.81, 1000.00, 0.00);
INSERT INTO `cuotas` VALUES (13, 1, '29/07/2023', 2, 5882.21, 922.60, 0.00, 5882.21, 922.60, 0.00);
INSERT INTO `cuotas` VALUES (13, 1, '30/07/2023', 3, 5960.64, 844.17, 0.00, 5960.64, 844.17, 0.00);
INSERT INTO `cuotas` VALUES (13, 1, '31/07/2023', 4, 6040.11, 764.70, 0.00, 6040.11, 764.70, 0.00);
INSERT INTO `cuotas` VALUES (13, 1, '01/08/2023', 5, 6120.65, 684.16, 0.00, 6120.65, 684.16, 0.00);
INSERT INTO `cuotas` VALUES (13, 1, '02/08/2023', 6, 6202.26, 602.55, 0.00, 6202.26, 602.55, 0.00);
INSERT INTO `cuotas` VALUES (13, 1, '03/08/2023', 7, 6284.95, 519.86, 0.00, 6284.95, 519.86, 0.00);
INSERT INTO `cuotas` VALUES (13, 1, '04/08/2023', 8, 6368.75, 436.06, 0.00, 6368.75, 436.06, 0.00);
INSERT INTO `cuotas` VALUES (13, 1, '05/08/2023', 9, 6453.67, 351.14, 0.00, 6453.67, 351.14, 0.00);
INSERT INTO `cuotas` VALUES (13, 1, '06/08/2023', 10, 6539.72, 265.09, 0.00, 6539.72, 265.09, 0.00);
INSERT INTO `cuotas` VALUES (13, 1, '07/08/2023', 11, 6626.91, 177.90, 0.00, 6626.91, 177.90, 0.00);
INSERT INTO `cuotas` VALUES (13, 1, '08/08/2023', 12, 6715.27, 89.54, 0.00, 6715.27, 89.54, 0.00);
INSERT INTO `cuotas` VALUES (14, 1, '15/8/2023', 1, 4150.44, 525.00, 0.00, 4150.44, 525.00, 0.00);
INSERT INTO `cuotas` VALUES (14, 1, '30/8/2023', 2, 4212.70, 462.74, 0.00, 4212.70, 462.74, 0.00);
INSERT INTO `cuotas` VALUES (14, 1, '14/9/2023', 3, 4275.89, 399.55, 0.00, 4275.89, 399.55, 0.00);
INSERT INTO `cuotas` VALUES (14, 1, '29/9/2023', 4, 4340.03, 335.41, 0.00, 4340.03, 335.41, 0.00);
INSERT INTO `cuotas` VALUES (14, 1, '14/10/2023', 5, 4405.13, 270.31, 0.00, 4405.13, 270.31, 0.00);
INSERT INTO `cuotas` VALUES (14, 1, '29/10/2023', 6, 4471.20, 204.24, 0.00, 4471.20, 204.24, 0.00);
INSERT INTO `cuotas` VALUES (14, 1, '13/11/2023', 7, 4538.27, 137.17, 0.00, 4538.27, 137.17, 0.00);
INSERT INTO `cuotas` VALUES (14, 1, '28/11/2023', 8, 4606.34, 69.10, 0.00, 4606.34, 69.10, 0.00);
INSERT INTO `cuotas` VALUES (15, 1, '27/8/2023', 1, 332.48, 187.50, 0.00, 332.48, 187.50, 0.00);
INSERT INTO `cuotas` VALUES (15, 1, '27/9/2023', 2, 336.64, 183.34, 0.00, 336.64, 183.34, 0.00);
INSERT INTO `cuotas` VALUES (15, 1, '27/10/2023', 3, 340.84, 179.14, 0.00, 340.84, 179.14, 0.00);
INSERT INTO `cuotas` VALUES (15, 1, '27/11/2023', 4, 345.10, 174.88, 0.00, 345.10, 174.88, 0.00);
INSERT INTO `cuotas` VALUES (15, 1, '27/12/2023', 5, 349.42, 170.56, 0.00, 349.42, 170.56, 0.00);
INSERT INTO `cuotas` VALUES (15, 1, '27/1/2024', 6, 353.79, 166.19, 0.00, 353.79, 166.19, 0.00);
INSERT INTO `cuotas` VALUES (15, 1, '27/2/2024', 7, 358.21, 161.77, 0.00, 358.21, 161.77, 0.00);
INSERT INTO `cuotas` VALUES (15, 1, '26/3/2024', 8, 362.69, 157.29, 0.00, 362.69, 157.29, 0.00);
INSERT INTO `cuotas` VALUES (15, 1, '26/4/2024', 9, 367.22, 152.76, 0.00, 367.22, 152.76, 0.00);
INSERT INTO `cuotas` VALUES (15, 1, '26/5/2024', 10, 371.81, 148.17, 0.00, 371.81, 148.17, 0.00);
INSERT INTO `cuotas` VALUES (15, 1, '26/6/2024', 11, 376.46, 143.52, 0.00, 376.46, 143.52, 0.00);
INSERT INTO `cuotas` VALUES (15, 1, '26/7/2024', 12, 381.16, 138.82, 0.00, 381.16, 138.82, 0.00);
INSERT INTO `cuotas` VALUES (15, 1, '26/8/2024', 13, 385.93, 134.05, 0.00, 385.93, 134.05, 0.00);
INSERT INTO `cuotas` VALUES (15, 1, '26/9/2024', 14, 390.75, 129.23, 0.00, 390.75, 129.23, 0.00);
INSERT INTO `cuotas` VALUES (15, 1, '26/10/2024', 15, 395.64, 124.34, 0.00, 395.64, 124.34, 0.00);
INSERT INTO `cuotas` VALUES (15, 1, '26/11/2024', 16, 400.58, 119.40, 0.00, 400.58, 119.40, 0.00);
INSERT INTO `cuotas` VALUES (15, 1, '26/12/2024', 17, 405.59, 114.39, 0.00, 405.59, 114.39, 0.00);
INSERT INTO `cuotas` VALUES (15, 1, '26/1/2025', 18, 410.66, 109.32, 0.00, 410.66, 109.32, 0.00);
INSERT INTO `cuotas` VALUES (15, 1, '26/2/2025', 19, 415.79, 104.19, 0.00, 415.79, 104.19, 0.00);
INSERT INTO `cuotas` VALUES (15, 1, '26/3/2025', 20, 420.99, 98.99, 0.00, 420.99, 98.99, 0.00);
INSERT INTO `cuotas` VALUES (15, 1, '26/4/2025', 21, 426.25, 93.73, 0.00, 426.25, 93.73, 0.00);
INSERT INTO `cuotas` VALUES (15, 1, '26/5/2025', 22, 431.58, 88.40, 0.00, 431.58, 88.40, 0.00);
INSERT INTO `cuotas` VALUES (15, 1, '26/6/2025', 23, 436.97, 83.01, 0.00, 436.97, 83.01, 0.00);
INSERT INTO `cuotas` VALUES (15, 1, '26/7/2025', 24, 442.44, 77.54, 0.00, 442.44, 77.54, 0.00);
INSERT INTO `cuotas` VALUES (15, 1, '26/8/2025', 25, 447.97, 72.01, 0.00, 447.97, 72.01, 0.00);
INSERT INTO `cuotas` VALUES (15, 1, '26/9/2025', 26, 453.57, 66.41, 0.00, 453.57, 66.41, 0.00);
INSERT INTO `cuotas` VALUES (15, 1, '26/10/2025', 27, 459.24, 60.74, 0.00, 459.24, 60.74, 0.00);
INSERT INTO `cuotas` VALUES (15, 1, '26/11/2025', 28, 464.98, 55.00, 0.00, 464.98, 55.00, 0.00);
INSERT INTO `cuotas` VALUES (15, 1, '26/12/2025', 29, 470.79, 49.19, 0.00, 470.79, 49.19, 0.00);
INSERT INTO `cuotas` VALUES (15, 1, '26/1/2026', 30, 476.67, 43.31, 0.00, 476.67, 43.31, 0.00);
INSERT INTO `cuotas` VALUES (15, 1, '26/2/2026', 31, 482.63, 37.35, 0.00, 482.63, 37.35, 0.00);
INSERT INTO `cuotas` VALUES (15, 1, '26/3/2026', 32, 488.67, 31.31, 0.00, 488.67, 31.31, 0.00);
INSERT INTO `cuotas` VALUES (15, 1, '26/4/2026', 33, 494.77, 25.21, 0.00, 494.77, 25.21, 0.00);
INSERT INTO `cuotas` VALUES (15, 1, '26/5/2026', 34, 500.96, 19.02, 0.00, 500.96, 19.02, 0.00);
INSERT INTO `cuotas` VALUES (15, 1, '26/6/2026', 35, 507.22, 12.76, 0.00, 507.22, 12.76, 0.00);
INSERT INTO `cuotas` VALUES (15, 1, '26/7/2026', 36, 513.56, 6.42, 0.00, 513.56, 6.42, 0.00);
INSERT INTO `cuotas` VALUES (16, 1, '27/08/2023', 1, 1745.97, 437.50, 0.00, 1745.97, 437.50, 0.00);
INSERT INTO `cuotas` VALUES (16, 1, '27/09/2023', 2, 1767.79, 415.68, 0.00, 1767.79, 415.68, 0.00);
INSERT INTO `cuotas` VALUES (16, 1, '27/10/2023', 3, 1789.89, 393.58, 0.00, 1789.89, 393.58, 0.00);
INSERT INTO `cuotas` VALUES (16, 1, '27/11/2023', 4, 1812.27, 371.20, 0.00, 1812.27, 371.20, 0.00);
INSERT INTO `cuotas` VALUES (16, 1, '27/12/2023', 5, 1834.92, 348.55, 0.00, 1834.92, 348.55, 0.00);
INSERT INTO `cuotas` VALUES (16, 1, '27/01/2024', 6, 1857.86, 325.61, 0.00, 1857.86, 325.61, 0.00);
INSERT INTO `cuotas` VALUES (16, 1, '27/02/2024', 7, 1881.08, 302.39, 0.00, 1881.08, 302.39, 0.00);
INSERT INTO `cuotas` VALUES (16, 1, '26/03/2024', 8, 1904.59, 278.88, 0.00, 1904.59, 278.88, 0.00);
INSERT INTO `cuotas` VALUES (16, 1, '26/04/2024', 9, 1928.40, 255.07, 0.00, 1928.40, 255.07, 0.00);
INSERT INTO `cuotas` VALUES (16, 1, '26/05/2024', 10, 1952.50, 230.97, 0.00, 1952.50, 230.97, 0.00);
INSERT INTO `cuotas` VALUES (16, 1, '26/06/2024', 11, 1976.91, 206.56, 0.00, 1976.91, 206.56, 0.00);
INSERT INTO `cuotas` VALUES (16, 1, '26/07/2024', 12, 2001.62, 181.85, 0.00, 2001.62, 181.85, 0.00);
INSERT INTO `cuotas` VALUES (16, 1, '26/08/2024', 13, 2026.64, 156.83, 0.00, 2026.64, 156.83, 0.00);
INSERT INTO `cuotas` VALUES (16, 1, '26/09/2024', 14, 2051.98, 131.49, 0.00, 2051.98, 131.49, 0.00);
INSERT INTO `cuotas` VALUES (16, 1, '26/10/2024', 15, 2077.63, 105.84, 0.00, 2077.63, 105.84, 0.00);
INSERT INTO `cuotas` VALUES (16, 1, '26/11/2024', 16, 2103.60, 79.87, 0.00, 2103.60, 79.87, 0.00);
INSERT INTO `cuotas` VALUES (16, 1, '26/12/2024', 17, 2129.89, 53.58, 0.00, 2129.89, 53.58, 0.00);
INSERT INTO `cuotas` VALUES (16, 1, '26/01/2025', 18, 2156.51, 26.96, 0.00, 2156.51, 26.96, 0.00);
INSERT INTO `cuotas` VALUES (17, 1, '27/08/2023', 1, 2729.88, 600.00, 0.00, 2729.88, 600.00, 0.00);
INSERT INTO `cuotas` VALUES (17, 1, '27/09/2023', 2, 2766.28, 563.60, 0.00, 2766.28, 563.60, 0.00);
INSERT INTO `cuotas` VALUES (17, 1, '27/10/2023', 3, 2803.16, 526.72, 0.00, 2803.16, 526.72, 0.00);
INSERT INTO `cuotas` VALUES (17, 1, '27/11/2023', 4, 2840.54, 489.34, 0.00, 2840.54, 489.34, 0.00);
INSERT INTO `cuotas` VALUES (17, 1, '27/12/2023', 5, 2878.41, 451.47, 0.00, 2878.41, 451.47, 0.00);
INSERT INTO `cuotas` VALUES (17, 1, '27/01/2024', 6, 2916.79, 413.09, 0.00, 2916.79, 413.09, 0.00);
INSERT INTO `cuotas` VALUES (17, 1, '27/02/2024', 7, 2955.68, 374.20, 0.00, 2955.68, 374.20, 0.00);
INSERT INTO `cuotas` VALUES (17, 1, '26/03/2024', 8, 2995.09, 334.79, 0.00, 2995.09, 334.79, 0.00);
INSERT INTO `cuotas` VALUES (17, 1, '26/04/2024', 9, 3035.02, 294.86, 0.00, 3035.02, 294.86, 0.00);
INSERT INTO `cuotas` VALUES (17, 1, '26/05/2024', 10, 3075.49, 254.39, 0.00, 3075.49, 254.39, 0.00);
INSERT INTO `cuotas` VALUES (17, 1, '26/06/2024', 11, 3116.50, 213.38, 0.00, 3116.50, 213.38, 0.00);
INSERT INTO `cuotas` VALUES (17, 1, '26/07/2024', 12, 3158.05, 171.83, 0.00, 3158.05, 171.83, 0.00);
INSERT INTO `cuotas` VALUES (17, 1, '26/08/2024', 13, 3200.16, 129.72, 0.00, 3200.16, 129.72, 0.00);
INSERT INTO `cuotas` VALUES (17, 1, '26/09/2024', 14, 3242.83, 87.05, 0.00, 3242.83, 87.05, 0.00);
INSERT INTO `cuotas` VALUES (17, 1, '26/10/2024', 15, 3286.07, 43.81, 0.00, 3286.07, 43.81, 0.00);
INSERT INTO `cuotas` VALUES (18, 1, '27/8/2023', 1, 5561.02, 1500.00, 0.00, 5561.02, 1500.00, 0.00);
INSERT INTO `cuotas` VALUES (18, 1, '27/9/2023', 2, 5616.63, 1444.39, 0.00, 5616.63, 1444.39, 0.00);
INSERT INTO `cuotas` VALUES (18, 1, '27/10/2023', 3, 5672.80, 1388.22, 0.00, 5672.80, 1388.22, 0.00);
INSERT INTO `cuotas` VALUES (18, 1, '27/11/2023', 4, 5729.52, 1331.50, 0.00, 5729.52, 1331.50, 0.00);
INSERT INTO `cuotas` VALUES (18, 1, '27/12/2023', 5, 5786.82, 1274.20, 0.00, 5786.82, 1274.20, 0.00);
INSERT INTO `cuotas` VALUES (18, 1, '27/1/2024', 6, 5844.69, 1216.33, 0.00, 5844.69, 1216.33, 0.00);
INSERT INTO `cuotas` VALUES (18, 1, '27/2/2024', 7, 5903.13, 1157.89, 0.00, 5903.13, 1157.89, 0.00);
INSERT INTO `cuotas` VALUES (18, 1, '26/3/2024', 8, 5962.17, 1098.85, 0.00, 5962.17, 1098.85, 0.00);
INSERT INTO `cuotas` VALUES (18, 1, '26/4/2024', 9, 6021.79, 1039.23, 0.00, 6021.79, 1039.23, 0.00);
INSERT INTO `cuotas` VALUES (18, 1, '26/5/2024', 10, 6082.01, 979.01, 0.00, 6082.01, 979.01, 0.00);
INSERT INTO `cuotas` VALUES (18, 1, '26/6/2024', 11, 6142.83, 918.19, 0.00, 6142.83, 918.19, 0.00);
INSERT INTO `cuotas` VALUES (18, 1, '26/7/2024', 12, 6204.25, 856.77, 0.00, 6204.25, 856.77, 0.00);
INSERT INTO `cuotas` VALUES (18, 1, '26/8/2024', 13, 6266.30, 794.72, 0.00, 6266.30, 794.72, 0.00);
INSERT INTO `cuotas` VALUES (18, 1, '26/9/2024', 14, 6328.96, 732.06, 0.00, 6328.96, 732.06, 0.00);
INSERT INTO `cuotas` VALUES (18, 1, '26/10/2024', 15, 6392.25, 668.77, 0.00, 6392.25, 668.77, 0.00);
INSERT INTO `cuotas` VALUES (18, 1, '26/11/2024', 16, 6456.17, 604.85, 0.00, 6456.17, 604.85, 0.00);
INSERT INTO `cuotas` VALUES (18, 1, '26/12/2024', 17, 6520.73, 540.29, 0.00, 6520.73, 540.29, 0.00);
INSERT INTO `cuotas` VALUES (18, 1, '26/1/2025', 18, 6585.94, 475.08, 0.00, 6585.94, 475.08, 0.00);
INSERT INTO `cuotas` VALUES (18, 1, '26/2/2025', 19, 6651.80, 409.22, 0.00, 6651.80, 409.22, 0.00);
INSERT INTO `cuotas` VALUES (18, 1, '26/3/2025', 20, 6718.32, 342.70, 0.00, 6718.32, 342.70, 0.00);
INSERT INTO `cuotas` VALUES (18, 1, '26/4/2025', 21, 6785.50, 275.52, 0.00, 6785.50, 275.52, 0.00);
INSERT INTO `cuotas` VALUES (18, 1, '26/5/2025', 22, 6853.36, 207.66, 0.00, 6853.36, 207.66, 0.00);
INSERT INTO `cuotas` VALUES (18, 1, '26/6/2025', 23, 6921.89, 139.13, 0.00, 6921.89, 139.13, 0.00);
INSERT INTO `cuotas` VALUES (18, 1, '26/7/2025', 24, 6991.11, 69.91, 0.00, 6991.11, 69.91, 0.00);
INSERT INTO `cuotas` VALUES (19, 1, '27/8/2023', 1, 748.27, 187.50, 0.00, 748.27, 187.50, 0.00);
INSERT INTO `cuotas` VALUES (19, 1, '27/9/2023', 2, 757.62, 178.15, 0.00, 757.62, 178.15, 0.00);
INSERT INTO `cuotas` VALUES (19, 1, '27/10/2023', 3, 767.09, 168.68, 0.00, 767.09, 168.68, 0.00);
INSERT INTO `cuotas` VALUES (19, 1, '27/11/2023', 4, 776.68, 159.09, 0.00, 776.68, 159.09, 0.00);
INSERT INTO `cuotas` VALUES (19, 1, '27/12/2023', 5, 786.39, 149.38, 0.00, 786.39, 149.38, 0.00);
INSERT INTO `cuotas` VALUES (19, 1, '27/1/2024', 6, 796.22, 139.55, 0.00, 796.22, 139.55, 0.00);
INSERT INTO `cuotas` VALUES (19, 1, '27/2/2024', 7, 806.17, 129.60, 0.00, 806.17, 129.60, 0.00);
INSERT INTO `cuotas` VALUES (19, 1, '26/3/2024', 8, 816.25, 119.52, 0.00, 816.25, 119.52, 0.00);
INSERT INTO `cuotas` VALUES (19, 1, '26/4/2024', 9, 826.45, 109.32, 0.00, 826.45, 109.32, 0.00);
INSERT INTO `cuotas` VALUES (19, 1, '26/5/2024', 10, 836.78, 98.99, 0.00, 836.78, 98.99, 0.00);
INSERT INTO `cuotas` VALUES (19, 1, '26/6/2024', 11, 847.24, 88.53, 0.00, 847.24, 88.53, 0.00);
INSERT INTO `cuotas` VALUES (19, 1, '26/7/2024', 12, 857.83, 77.94, 0.00, 857.83, 77.94, 0.00);
INSERT INTO `cuotas` VALUES (19, 1, '26/8/2024', 13, 868.56, 67.21, 0.00, 868.56, 67.21, 0.00);
INSERT INTO `cuotas` VALUES (19, 1, '26/9/2024', 14, 879.41, 56.36, 0.00, 879.41, 56.36, 0.00);
INSERT INTO `cuotas` VALUES (19, 1, '26/10/2024', 15, 890.41, 45.36, 0.00, 890.41, 45.36, 0.00);
INSERT INTO `cuotas` VALUES (19, 1, '26/11/2024', 16, 901.54, 34.23, 0.00, 901.54, 34.23, 0.00);
INSERT INTO `cuotas` VALUES (19, 1, '26/12/2024', 17, 912.81, 22.96, 0.00, 912.81, 22.96, 0.00);
INSERT INTO `cuotas` VALUES (19, 1, '26/1/2025', 18, 924.22, 11.55, 0.00, 924.22, 11.55, 0.00);
INSERT INTO `cuotas` VALUES (20, 1, '27/8/2023', 1, 742.85, 200.00, 0.00, 0.00, 0.00, 0.00);
INSERT INTO `cuotas` VALUES (20, 1, '27/9/2023', 2, 752.75, 190.10, 0.00, 0.00, 0.00, 0.00);
INSERT INTO `cuotas` VALUES (20, 1, '27/10/2023', 3, 762.79, 180.06, 0.00, 0.00, 0.00, 0.00);
INSERT INTO `cuotas` VALUES (20, 1, '27/11/2023', 4, 772.96, 169.89, 0.00, 0.00, 0.00, 0.00);
INSERT INTO `cuotas` VALUES (20, 1, '27/12/2023', 5, 783.27, 159.58, 0.00, 0.00, 0.00, 0.00);
INSERT INTO `cuotas` VALUES (20, 1, '27/1/2024', 6, 793.71, 149.14, 0.00, 0.00, 0.00, 0.00);
INSERT INTO `cuotas` VALUES (20, 1, '27/2/2024', 7, 804.29, 138.56, 0.00, 0.00, 0.00, 0.00);
INSERT INTO `cuotas` VALUES (20, 1, '26/3/2024', 8, 815.02, 127.83, 0.00, 0.00, 0.00, 0.00);
INSERT INTO `cuotas` VALUES (20, 1, '26/4/2024', 9, 825.89, 116.96, 0.00, 0.00, 0.00, 0.00);
INSERT INTO `cuotas` VALUES (20, 1, '26/5/2024', 10, 836.90, 105.95, 0.00, 0.00, 0.00, 0.00);
INSERT INTO `cuotas` VALUES (20, 1, '26/6/2024', 11, 848.06, 94.79, 0.00, 0.00, 0.00, 0.00);
INSERT INTO `cuotas` VALUES (20, 1, '26/7/2024', 12, 859.36, 83.49, 0.00, 0.00, 0.00, 0.00);
INSERT INTO `cuotas` VALUES (20, 1, '26/8/2024', 13, 870.82, 72.03, 0.00, 0.00, 0.00, 0.00);
INSERT INTO `cuotas` VALUES (20, 1, '26/9/2024', 14, 882.43, 60.42, 0.00, 0.00, 0.00, 0.00);
INSERT INTO `cuotas` VALUES (20, 1, '26/10/2024', 15, 894.20, 48.65, 0.00, 0.00, 0.00, 0.00);
INSERT INTO `cuotas` VALUES (20, 1, '26/11/2024', 16, 906.12, 36.73, 0.00, 0.00, 0.00, 0.00);
INSERT INTO `cuotas` VALUES (20, 1, '26/12/2024', 17, 918.20, 24.65, 0.00, 0.00, 0.00, 0.00);
INSERT INTO `cuotas` VALUES (20, 1, '26/1/2025', 18, 930.45, 12.40, 0.00, 0.00, 0.00, 0.00);
INSERT INTO `cuotas` VALUES (21, 1, '3/8/2023', 1, 1182.73, 150.00, 0.00, 1182.73, 150.00, 0.00);
INSERT INTO `cuotas` VALUES (21, 1, '3/9/2023', 2, 1194.56, 138.17, 0.00, 1194.56, 138.17, 0.00);
INSERT INTO `cuotas` VALUES (21, 1, '3/10/2023', 3, 1206.50, 126.23, 0.00, 1206.50, 126.23, 0.00);
INSERT INTO `cuotas` VALUES (21, 1, '3/11/2023', 4, 1218.57, 114.16, 0.00, 1218.57, 114.16, 0.00);
INSERT INTO `cuotas` VALUES (21, 1, '3/12/2023', 5, 1230.75, 101.98, 0.00, 1230.75, 101.98, 0.00);
INSERT INTO `cuotas` VALUES (21, 1, '3/1/2024', 6, 1243.06, 89.67, 0.00, 1243.06, 89.67, 0.00);
INSERT INTO `cuotas` VALUES (21, 1, '3/2/2024', 7, 1255.49, 77.24, 0.00, 1255.49, 77.24, 0.00);
INSERT INTO `cuotas` VALUES (21, 1, '2/3/2024', 8, 1268.05, 64.68, 0.00, 1268.05, 64.68, 0.00);
INSERT INTO `cuotas` VALUES (21, 1, '2/4/2024', 9, 1280.73, 52.00, 0.00, 1280.73, 52.00, 0.00);
INSERT INTO `cuotas` VALUES (21, 1, '2/5/2024', 10, 1293.53, 39.20, 0.00, 1293.53, 39.20, 0.00);
INSERT INTO `cuotas` VALUES (21, 1, '2/6/2024', 11, 1306.47, 26.26, 0.00, 1306.47, 26.26, 0.00);
INSERT INTO `cuotas` VALUES (21, 1, '2/7/2024', 12, 1319.53, 13.20, 0.00, 1319.53, 13.20, 0.00);
INSERT INTO `cuotas` VALUES (22, 1, '3/8/2023', 1, 0.00, 187.50, 0.00, 0.00, 187.50, 0.00);
INSERT INTO `cuotas` VALUES (22, 1, '3/9/2023', 2, 0.00, 187.50, 0.00, 0.00, 187.50, 0.00);
INSERT INTO `cuotas` VALUES (22, 1, '3/10/2023', 3, 0.00, 187.50, 0.00, 0.00, 187.50, 0.00);
INSERT INTO `cuotas` VALUES (22, 1, '3/11/2023', 4, 0.00, 187.50, 0.00, 0.00, 187.50, 0.00);
INSERT INTO `cuotas` VALUES (22, 1, '3/12/2023', 5, 0.00, 187.50, 0.00, 0.00, 187.50, 0.00);
INSERT INTO `cuotas` VALUES (22, 1, '3/1/2024', 6, 0.00, 187.50, 0.00, 0.00, 187.50, 0.00);
INSERT INTO `cuotas` VALUES (22, 1, '3/2/2024', 7, 0.00, 187.50, 0.00, 0.00, 187.50, 0.00);
INSERT INTO `cuotas` VALUES (22, 1, '2/3/2024', 8, 0.00, 187.50, 0.00, 0.00, 187.50, 0.00);
INSERT INTO `cuotas` VALUES (22, 1, '2/4/2024', 9, 0.00, 187.50, 0.00, 0.00, 187.50, 0.00);
INSERT INTO `cuotas` VALUES (22, 1, '2/5/2024', 10, 0.00, 187.50, 0.00, 0.00, 187.50, 0.00);
INSERT INTO `cuotas` VALUES (22, 1, '2/6/2024', 11, 0.00, 187.50, 0.00, 0.00, 187.50, 0.00);
INSERT INTO `cuotas` VALUES (22, 1, '2/7/2024', 12, 15000.00, 187.50, 0.00, 15000.00, 187.50, 0.00);
INSERT INTO `cuotas` VALUES (23, 1, '7/9/2023', 1, 670.05, 375.00, 0.00, 670.05, 375.00, 0.00);
INSERT INTO `cuotas` VALUES (23, 1, '7/10/2023', 2, 686.80, 358.25, 0.00, 686.80, 358.25, 0.00);
INSERT INTO `cuotas` VALUES (23, 1, '7/11/2023', 3, 703.97, 341.08, 0.00, 703.97, 341.08, 0.00);
INSERT INTO `cuotas` VALUES (23, 1, '7/12/2023', 4, 721.57, 323.48, 0.00, 721.57, 323.48, 0.00);
INSERT INTO `cuotas` VALUES (23, 1, '7/1/2024', 5, 739.61, 305.44, 0.00, 739.61, 305.44, 0.00);
INSERT INTO `cuotas` VALUES (23, 1, '7/2/2024', 6, 758.10, 286.95, 0.00, 758.10, 286.95, 0.00);
INSERT INTO `cuotas` VALUES (23, 1, '6/3/2024', 7, 777.05, 268.00, 0.00, 777.05, 268.00, 0.00);
INSERT INTO `cuotas` VALUES (23, 1, '6/4/2024', 8, 796.48, 248.57, 0.00, 796.48, 248.57, 0.00);
INSERT INTO `cuotas` VALUES (23, 1, '6/5/2024', 9, 816.39, 228.66, 0.00, 816.39, 228.66, 0.00);
INSERT INTO `cuotas` VALUES (23, 1, '6/6/2024', 10, 836.80, 208.25, 0.00, 16.30, 208.25, 0.00);
INSERT INTO `cuotas` VALUES (23, 1, '6/7/2024', 11, 857.72, 187.33, 0.00, 0.00, 0.00, 0.00);
INSERT INTO `cuotas` VALUES (23, 1, '6/8/2024', 12, 879.16, 165.89, 0.00, 0.00, 0.00, 0.00);
INSERT INTO `cuotas` VALUES (23, 1, '6/9/2024', 13, 901.14, 143.91, 0.00, 0.00, 0.00, 0.00);
INSERT INTO `cuotas` VALUES (23, 1, '6/10/2024', 14, 923.67, 121.38, 0.00, 0.00, 0.00, 0.00);
INSERT INTO `cuotas` VALUES (23, 1, '6/11/2024', 15, 946.76, 98.29, 0.00, 0.00, 0.00, 0.00);
INSERT INTO `cuotas` VALUES (23, 1, '6/12/2024', 16, 970.43, 74.62, 0.00, 0.00, 0.00, 0.00);
INSERT INTO `cuotas` VALUES (23, 1, '6/1/2025', 17, 994.69, 50.36, 0.00, 0.00, 0.00, 0.00);
INSERT INTO `cuotas` VALUES (23, 1, '6/2/2025', 18, 1019.56, 25.49, 0.00, 0.00, 0.00, 0.00);
INSERT INTO `cuotas` VALUES (24, 1, '7/9/2023', 1, 1746.21, 750.00, 0.00, 1746.21, 750.00, 0.00);
INSERT INTO `cuotas` VALUES (24, 1, '7/10/2023', 2, 1772.40, 723.81, 0.00, 1772.40, 723.81, 0.00);
INSERT INTO `cuotas` VALUES (24, 1, '7/11/2023', 3, 1798.99, 697.22, 0.00, 0.00, 107.58, 0.00);
INSERT INTO `cuotas` VALUES (24, 1, '7/12/2023', 4, 1825.97, 670.24, 0.00, 0.00, 0.00, 0.00);
INSERT INTO `cuotas` VALUES (24, 1, '7/1/2024', 5, 1853.36, 642.85, 0.00, 0.00, 0.00, 0.00);
INSERT INTO `cuotas` VALUES (24, 1, '7/2/2024', 6, 1881.16, 615.05, 0.00, 0.00, 0.00, 0.00);
INSERT INTO `cuotas` VALUES (24, 1, '6/3/2024', 7, 1909.38, 586.83, 0.00, 0.00, 0.00, 0.00);
INSERT INTO `cuotas` VALUES (24, 1, '6/4/2024', 8, 1938.02, 558.19, 0.00, 0.00, 0.00, 0.00);
INSERT INTO `cuotas` VALUES (24, 1, '6/5/2024', 9, 1967.09, 529.12, 0.00, 0.00, 0.00, 0.00);
INSERT INTO `cuotas` VALUES (24, 1, '6/6/2024', 10, 1996.60, 499.61, 0.00, 0.00, 0.00, 0.00);
INSERT INTO `cuotas` VALUES (24, 1, '6/7/2024', 11, 2026.55, 469.66, 0.00, 0.00, 0.00, 0.00);
INSERT INTO `cuotas` VALUES (24, 1, '6/8/2024', 12, 2056.95, 439.26, 0.00, 0.00, 0.00, 0.00);
INSERT INTO `cuotas` VALUES (24, 1, '6/9/2024', 13, 2087.80, 408.41, 0.00, 0.00, 0.00, 0.00);
INSERT INTO `cuotas` VALUES (24, 1, '6/10/2024', 14, 2119.12, 377.09, 0.00, 0.00, 0.00, 0.00);
INSERT INTO `cuotas` VALUES (24, 1, '6/11/2024', 15, 2150.90, 345.31, 0.00, 0.00, 0.00, 0.00);
INSERT INTO `cuotas` VALUES (24, 1, '6/12/2024', 16, 2183.17, 313.04, 0.00, 0.00, 0.00, 0.00);
INSERT INTO `cuotas` VALUES (24, 1, '6/1/2025', 17, 2215.92, 280.29, 0.00, 0.00, 0.00, 0.00);
INSERT INTO `cuotas` VALUES (24, 1, '6/2/2025', 18, 2249.15, 247.06, 0.00, 0.00, 0.00, 0.00);
INSERT INTO `cuotas` VALUES (24, 1, '6/3/2025', 19, 2282.89, 213.32, 0.00, 0.00, 0.00, 0.00);
INSERT INTO `cuotas` VALUES (24, 1, '6/4/2025', 20, 2317.13, 179.08, 0.00, 0.00, 0.00, 0.00);
INSERT INTO `cuotas` VALUES (24, 1, '6/5/2025', 21, 2351.89, 144.32, 0.00, 0.00, 0.00, 0.00);
INSERT INTO `cuotas` VALUES (24, 1, '6/6/2025', 22, 2387.17, 109.04, 0.00, 0.00, 0.00, 0.00);
INSERT INTO `cuotas` VALUES (24, 1, '6/7/2025', 23, 2422.98, 73.23, 0.00, 0.00, 0.00, 0.00);
INSERT INTO `cuotas` VALUES (24, 1, '6/8/2025', 24, 2459.32, 36.89, 0.00, 0.00, 0.00, 0.00);
INSERT INTO `cuotas` VALUES (25, 1, '8/9/2023', 1, 1746.21, 750.00, 0.00, 0.00, 0.00, 0.00);
INSERT INTO `cuotas` VALUES (25, 1, '8/10/2023', 2, 1772.40, 723.81, 0.00, 0.00, 0.00, 0.00);
INSERT INTO `cuotas` VALUES (25, 1, '8/11/2023', 3, 1798.99, 697.22, 0.00, 0.00, 0.00, 0.00);
INSERT INTO `cuotas` VALUES (25, 1, '8/12/2023', 4, 1825.97, 670.24, 0.00, 0.00, 0.00, 0.00);
INSERT INTO `cuotas` VALUES (25, 1, '8/1/2024', 5, 1853.36, 642.85, 0.00, 0.00, 0.00, 0.00);
INSERT INTO `cuotas` VALUES (25, 1, '8/2/2024', 6, 1881.16, 615.05, 0.00, 0.00, 0.00, 0.00);
INSERT INTO `cuotas` VALUES (25, 1, '7/3/2024', 7, 1909.38, 586.83, 0.00, 0.00, 0.00, 0.00);
INSERT INTO `cuotas` VALUES (25, 1, '7/4/2024', 8, 1938.02, 558.19, 0.00, 0.00, 0.00, 0.00);
INSERT INTO `cuotas` VALUES (25, 1, '7/5/2024', 9, 1967.09, 529.12, 0.00, 0.00, 0.00, 0.00);
INSERT INTO `cuotas` VALUES (25, 1, '7/6/2024', 10, 1996.60, 499.61, 0.00, 0.00, 0.00, 0.00);
INSERT INTO `cuotas` VALUES (25, 1, '7/7/2024', 11, 2026.55, 469.66, 0.00, 0.00, 0.00, 0.00);
INSERT INTO `cuotas` VALUES (25, 1, '7/8/2024', 12, 2056.95, 439.26, 0.00, 0.00, 0.00, 0.00);
INSERT INTO `cuotas` VALUES (25, 1, '7/9/2024', 13, 2087.80, 408.41, 0.00, 0.00, 0.00, 0.00);
INSERT INTO `cuotas` VALUES (25, 1, '7/10/2024', 14, 2119.12, 377.09, 0.00, 0.00, 0.00, 0.00);
INSERT INTO `cuotas` VALUES (25, 1, '7/11/2024', 15, 2150.90, 345.31, 0.00, 0.00, 0.00, 0.00);
INSERT INTO `cuotas` VALUES (25, 1, '7/12/2024', 16, 2183.17, 313.04, 0.00, 0.00, 0.00, 0.00);
INSERT INTO `cuotas` VALUES (25, 1, '7/1/2025', 17, 2215.92, 280.29, 0.00, 0.00, 0.00, 0.00);
INSERT INTO `cuotas` VALUES (25, 1, '7/2/2025', 18, 2249.15, 247.06, 0.00, 0.00, 0.00, 0.00);
INSERT INTO `cuotas` VALUES (25, 1, '7/3/2025', 19, 2282.89, 213.32, 0.00, 0.00, 0.00, 0.00);
INSERT INTO `cuotas` VALUES (25, 1, '7/4/2025', 20, 2317.13, 179.08, 0.00, 0.00, 0.00, 0.00);
INSERT INTO `cuotas` VALUES (25, 1, '7/5/2025', 21, 2351.89, 144.32, 0.00, 0.00, 0.00, 0.00);
INSERT INTO `cuotas` VALUES (25, 1, '7/6/2025', 22, 2387.17, 109.04, 0.00, 0.00, 0.00, 0.00);
INSERT INTO `cuotas` VALUES (25, 1, '7/7/2025', 23, 2422.98, 73.23, 0.00, 0.00, 0.00, 0.00);
INSERT INTO `cuotas` VALUES (25, 1, '7/8/2025', 24, 2459.32, 36.89, 0.00, 0.00, 0.00, 0.00);
INSERT INTO `cuotas` VALUES (26, 1, '8/9/2023', 1, 523.86, 225.00, 0.00, 523.86, 225.00, 0.00);
INSERT INTO `cuotas` VALUES (26, 1, '8/10/2023', 2, 531.72, 217.14, 0.00, 531.72, 217.14, 0.00);
INSERT INTO `cuotas` VALUES (26, 1, '8/11/2023', 3, 539.69, 209.17, 0.00, 539.69, 209.17, 0.00);
INSERT INTO `cuotas` VALUES (26, 1, '8/12/2023', 4, 547.79, 201.07, 0.00, 547.79, 201.07, 0.00);
INSERT INTO `cuotas` VALUES (26, 1, '8/1/2024', 5, 556.01, 192.85, 0.00, 556.01, 192.85, 0.00);
INSERT INTO `cuotas` VALUES (26, 1, '8/2/2024', 6, 564.35, 184.51, 0.00, 564.35, 184.51, 0.00);
INSERT INTO `cuotas` VALUES (26, 1, '7/3/2024', 7, 572.81, 176.05, 0.00, 572.81, 176.05, 0.00);
INSERT INTO `cuotas` VALUES (26, 1, '7/4/2024', 8, 581.40, 167.46, 0.00, 581.40, 167.46, 0.00);
INSERT INTO `cuotas` VALUES (26, 1, '7/5/2024', 9, 590.12, 158.74, 0.00, 590.12, 158.74, 0.00);
INSERT INTO `cuotas` VALUES (26, 1, '7/6/2024', 10, 598.98, 149.88, 0.00, 598.98, 149.88, 0.00);
INSERT INTO `cuotas` VALUES (26, 1, '7/7/2024', 11, 607.96, 140.90, 0.00, 607.96, 140.90, 0.00);
INSERT INTO `cuotas` VALUES (26, 1, '7/8/2024', 12, 617.08, 131.78, 0.00, 617.08, 131.78, 0.00);
INSERT INTO `cuotas` VALUES (26, 1, '7/9/2024', 13, 626.34, 122.52, 0.00, 626.34, 122.52, 0.00);
INSERT INTO `cuotas` VALUES (26, 1, '7/10/2024', 14, 635.73, 113.13, 0.00, 635.73, 113.13, 0.00);
INSERT INTO `cuotas` VALUES (26, 1, '7/11/2024', 15, 645.27, 103.59, 0.00, 645.27, 103.59, 0.00);
INSERT INTO `cuotas` VALUES (26, 1, '7/12/2024', 16, 654.95, 93.91, 0.00, 654.95, 93.91, 0.00);
INSERT INTO `cuotas` VALUES (26, 1, '7/1/2025', 17, 664.77, 84.09, 0.00, 664.77, 84.09, 0.00);
INSERT INTO `cuotas` VALUES (26, 1, '7/2/2025', 18, 674.74, 74.12, 0.00, 674.74, 74.12, 0.00);
INSERT INTO `cuotas` VALUES (26, 1, '7/3/2025', 19, 684.86, 64.00, 0.00, 684.86, 64.00, 0.00);
INSERT INTO `cuotas` VALUES (26, 1, '7/4/2025', 20, 695.14, 53.72, 0.00, 695.14, 53.72, 0.00);
INSERT INTO `cuotas` VALUES (26, 1, '7/5/2025', 21, 705.56, 43.30, 0.00, 705.56, 43.30, 0.00);
INSERT INTO `cuotas` VALUES (26, 1, '7/6/2025', 22, 716.15, 32.71, 0.00, 716.15, 32.71, 0.00);
INSERT INTO `cuotas` VALUES (26, 1, '7/7/2025', 23, 726.89, 21.97, 0.00, 726.89, 21.97, 0.00);
INSERT INTO `cuotas` VALUES (26, 1, '7/8/2025', 24, 737.79, 11.07, 0.00, 737.79, 11.07, 0.00);
INSERT INTO `cuotas` VALUES (27, 1, '9/9/2023', 1, 2961.57, 833.33, 0.00, 0.00, 0.00, 0.00);
INSERT INTO `cuotas` VALUES (27, 1, '9/10/2023', 2, 3010.93, 783.97, 0.00, 0.00, 0.00, 0.00);
INSERT INTO `cuotas` VALUES (27, 1, '9/11/2023', 3, 3061.11, 733.79, 0.00, 0.00, 0.00, 0.00);
INSERT INTO `cuotas` VALUES (27, 1, '9/12/2023', 4, 3112.13, 682.77, 0.00, 0.00, 0.00, 0.00);
INSERT INTO `cuotas` VALUES (27, 1, '9/1/2024', 5, 3164.00, 630.90, 0.00, 0.00, 0.00, 0.00);
INSERT INTO `cuotas` VALUES (27, 1, '9/2/2024', 6, 3216.73, 578.17, 0.00, 0.00, 0.00, 0.00);
INSERT INTO `cuotas` VALUES (27, 1, '8/3/2024', 7, 3270.34, 524.56, 0.00, 0.00, 0.00, 0.00);
INSERT INTO `cuotas` VALUES (27, 1, '8/4/2024', 8, 3324.85, 470.05, 0.00, 0.00, 0.00, 0.00);
INSERT INTO `cuotas` VALUES (27, 1, '8/5/2024', 9, 3380.26, 414.64, 0.00, 0.00, 0.00, 0.00);
INSERT INTO `cuotas` VALUES (27, 1, '8/6/2024', 10, 3436.60, 358.30, 0.00, 0.00, 0.00, 0.00);
INSERT INTO `cuotas` VALUES (27, 1, '8/7/2024', 11, 3493.87, 301.03, 0.00, 0.00, 0.00, 0.00);
INSERT INTO `cuotas` VALUES (27, 1, '8/8/2024', 12, 3552.11, 242.79, 0.00, 0.00, 0.00, 0.00);
INSERT INTO `cuotas` VALUES (27, 1, '8/9/2024', 13, 3611.31, 183.59, 0.00, 0.00, 0.00, 0.00);
INSERT INTO `cuotas` VALUES (27, 1, '8/10/2024', 14, 3671.50, 123.40, 0.00, 0.00, 0.00, 0.00);
INSERT INTO `cuotas` VALUES (27, 1, '8/11/2024', 15, 3732.69, 62.21, 0.00, 0.00, 0.00, 0.00);
INSERT INTO `cuotas` VALUES (28, 1, '28/9/2023', 1, 2233.50, 1250.00, 0.00, 0.00, 0.00, 0.00);
INSERT INTO `cuotas` VALUES (28, 1, '28/10/2023', 2, 2289.34, 1194.16, 0.00, 0.00, 0.00, 0.00);
INSERT INTO `cuotas` VALUES (28, 1, '28/11/2023', 3, 2346.57, 1136.93, 0.00, 0.00, 0.00, 0.00);
INSERT INTO `cuotas` VALUES (28, 1, '28/12/2023', 4, 2405.24, 1078.26, 0.00, 0.00, 0.00, 0.00);
INSERT INTO `cuotas` VALUES (28, 1, '28/1/2024', 5, 2465.37, 1018.13, 0.00, 0.00, 0.00, 0.00);
INSERT INTO `cuotas` VALUES (28, 1, '28/2/2024', 6, 2527.00, 956.50, 0.00, 0.00, 0.00, 0.00);
INSERT INTO `cuotas` VALUES (28, 1, '27/3/2024', 7, 2590.18, 893.32, 0.00, 0.00, 0.00, 0.00);
INSERT INTO `cuotas` VALUES (28, 1, '27/4/2024', 8, 2654.93, 828.57, 0.00, 0.00, 0.00, 0.00);
INSERT INTO `cuotas` VALUES (28, 1, '27/5/2024', 9, 2721.30, 762.20, 0.00, 0.00, 0.00, 0.00);
INSERT INTO `cuotas` VALUES (28, 1, '27/6/2024', 10, 2789.34, 694.16, 0.00, 0.00, 0.00, 0.00);
INSERT INTO `cuotas` VALUES (28, 1, '27/7/2024', 11, 2859.07, 624.43, 0.00, 0.00, 0.00, 0.00);
INSERT INTO `cuotas` VALUES (28, 1, '27/8/2024', 12, 2930.55, 552.95, 0.00, 0.00, 0.00, 0.00);
INSERT INTO `cuotas` VALUES (28, 1, '27/9/2024', 13, 3003.81, 479.69, 0.00, 0.00, 0.00, 0.00);
INSERT INTO `cuotas` VALUES (28, 1, '27/10/2024', 14, 3078.90, 404.60, 0.00, 0.00, 0.00, 0.00);
INSERT INTO `cuotas` VALUES (28, 1, '27/11/2024', 15, 3155.88, 327.62, 0.00, 0.00, 0.00, 0.00);
INSERT INTO `cuotas` VALUES (28, 1, '27/12/2024', 16, 3234.77, 248.73, 0.00, 0.00, 0.00, 0.00);
INSERT INTO `cuotas` VALUES (28, 1, '27/1/2025', 17, 3315.64, 167.86, 0.00, 0.00, 0.00, 0.00);
INSERT INTO `cuotas` VALUES (28, 1, '27/2/2025', 18, 3398.53, 84.97, 0.00, 0.00, 0.00, 0.00);
INSERT INTO `cuotas` VALUES (29, 1, '11/10/2023', 1, 2071.99, 1666.67, 0.00, 0.00, 0.00, 0.00);
INSERT INTO `cuotas` VALUES (29, 1, '11/11/2023', 2, 2141.06, 1597.60, 0.00, 0.00, 0.00, 0.00);
INSERT INTO `cuotas` VALUES (29, 1, '11/12/2023', 3, 2212.43, 1526.23, 0.00, 0.00, 0.00, 0.00);
INSERT INTO `cuotas` VALUES (29, 1, '11/1/2024', 4, 2286.18, 1452.48, 0.00, 0.00, 0.00, 0.00);
INSERT INTO `cuotas` VALUES (29, 1, '11/2/2024', 5, 2362.38, 1376.28, 0.00, 0.00, 0.00, 0.00);
INSERT INTO `cuotas` VALUES (29, 1, '10/3/2024', 6, 2441.13, 1297.53, 0.00, 0.00, 0.00, 0.00);
INSERT INTO `cuotas` VALUES (29, 1, '10/4/2024', 7, 2522.50, 1216.16, 0.00, 0.00, 0.00, 0.00);
INSERT INTO `cuotas` VALUES (29, 1, '10/5/2024', 8, 2606.58, 1132.08, 0.00, 0.00, 0.00, 0.00);
INSERT INTO `cuotas` VALUES (29, 1, '10/6/2024', 9, 2693.47, 1045.19, 0.00, 0.00, 0.00, 0.00);
INSERT INTO `cuotas` VALUES (29, 1, '10/7/2024', 10, 2783.25, 955.41, 0.00, 0.00, 0.00, 0.00);
INSERT INTO `cuotas` VALUES (29, 1, '10/8/2024', 11, 2876.03, 862.63, 0.00, 0.00, 0.00, 0.00);
INSERT INTO `cuotas` VALUES (29, 1, '10/9/2024', 12, 2971.89, 766.77, 0.00, 0.00, 0.00, 0.00);
INSERT INTO `cuotas` VALUES (29, 1, '10/10/2024', 13, 3070.96, 667.70, 0.00, 0.00, 0.00, 0.00);
INSERT INTO `cuotas` VALUES (29, 1, '10/11/2024', 14, 3173.32, 565.34, 0.00, 0.00, 0.00, 0.00);
INSERT INTO `cuotas` VALUES (29, 1, '10/12/2024', 15, 3279.10, 459.56, 0.00, 0.00, 0.00, 0.00);
INSERT INTO `cuotas` VALUES (29, 1, '10/1/2025', 16, 3388.40, 350.26, 0.00, 0.00, 0.00, 0.00);
INSERT INTO `cuotas` VALUES (29, 1, '10/2/2025', 17, 3501.35, 237.31, 0.00, 0.00, 0.00, 0.00);
INSERT INTO `cuotas` VALUES (29, 1, '10/3/2025', 18, 3618.06, 120.60, 0.00, 0.00, 0.00, 0.00);
INSERT INTO `cuotas` VALUES (30, 1, '11/10/2023', 1, 1036.00, 833.33, 0.00, 0.00, 0.00, 0.00);
INSERT INTO `cuotas` VALUES (30, 1, '11/11/2023', 2, 1070.53, 798.80, 0.00, 0.00, 0.00, 0.00);
INSERT INTO `cuotas` VALUES (30, 1, '11/12/2023', 3, 1106.21, 763.12, 0.00, 0.00, 0.00, 0.00);
INSERT INTO `cuotas` VALUES (30, 1, '11/1/2024', 4, 1143.09, 726.24, 0.00, 0.00, 0.00, 0.00);
INSERT INTO `cuotas` VALUES (30, 1, '11/2/2024', 5, 1181.19, 688.14, 0.00, 0.00, 0.00, 0.00);
INSERT INTO `cuotas` VALUES (30, 1, '10/3/2024', 6, 1220.56, 648.77, 0.00, 0.00, 0.00, 0.00);
INSERT INTO `cuotas` VALUES (30, 1, '10/4/2024', 7, 1261.25, 608.08, 0.00, 0.00, 0.00, 0.00);
INSERT INTO `cuotas` VALUES (30, 1, '10/5/2024', 8, 1303.29, 566.04, 0.00, 0.00, 0.00, 0.00);
INSERT INTO `cuotas` VALUES (30, 1, '10/6/2024', 9, 1346.73, 522.60, 0.00, 0.00, 0.00, 0.00);
INSERT INTO `cuotas` VALUES (30, 1, '10/7/2024', 10, 1391.63, 477.70, 0.00, 0.00, 0.00, 0.00);
INSERT INTO `cuotas` VALUES (30, 1, '10/8/2024', 11, 1438.01, 431.32, 0.00, 0.00, 0.00, 0.00);
INSERT INTO `cuotas` VALUES (30, 1, '10/9/2024', 12, 1485.95, 383.38, 0.00, 0.00, 0.00, 0.00);
INSERT INTO `cuotas` VALUES (30, 1, '10/10/2024', 13, 1535.48, 333.85, 0.00, 0.00, 0.00, 0.00);
INSERT INTO `cuotas` VALUES (30, 1, '10/11/2024', 14, 1586.66, 282.67, 0.00, 0.00, 0.00, 0.00);
INSERT INTO `cuotas` VALUES (30, 1, '10/12/2024', 15, 1639.55, 229.78, 0.00, 0.00, 0.00, 0.00);
INSERT INTO `cuotas` VALUES (30, 1, '10/1/2025', 16, 1694.20, 175.13, 0.00, 0.00, 0.00, 0.00);
INSERT INTO `cuotas` VALUES (30, 1, '10/2/2025', 17, 1750.67, 118.66, 0.00, 0.00, 0.00, 0.00);
INSERT INTO `cuotas` VALUES (30, 1, '10/3/2025', 18, 1809.03, 60.30, 0.00, 0.00, 0.00, 0.00);
INSERT INTO `cuotas` VALUES (31, 1, '3/10/2023', 1, 7869.87, 5000.00, 0.00, 0.00, 0.00, 0.00);
INSERT INTO `cuotas` VALUES (31, 1, '18/10/2023', 2, 8132.20, 4737.67, 0.00, 0.00, 0.00, 0.00);
INSERT INTO `cuotas` VALUES (31, 1, '2/11/2023', 3, 8403.27, 4466.60, 0.00, 0.00, 0.00, 0.00);
INSERT INTO `cuotas` VALUES (31, 1, '17/11/2023', 4, 8683.38, 4186.49, 0.00, 0.00, 0.00, 0.00);
INSERT INTO `cuotas` VALUES (31, 1, '2/12/2023', 5, 8972.83, 3897.04, 0.00, 0.00, 0.00, 0.00);
INSERT INTO `cuotas` VALUES (31, 1, '17/12/2023', 6, 9271.92, 3597.95, 0.00, 0.00, 0.00, 0.00);
INSERT INTO `cuotas` VALUES (31, 1, '1/1/2024', 7, 9580.99, 3288.88, 0.00, 0.00, 0.00, 0.00);
INSERT INTO `cuotas` VALUES (31, 1, '16/1/2024', 8, 9900.35, 2969.52, 0.00, 0.00, 0.00, 0.00);
INSERT INTO `cuotas` VALUES (31, 1, '31/1/2024', 9, 10230.36, 2639.51, 0.00, 0.00, 0.00, 0.00);
INSERT INTO `cuotas` VALUES (31, 1, '15/2/2024', 10, 10571.38, 2298.49, 0.00, 0.00, 0.00, 0.00);
INSERT INTO `cuotas` VALUES (31, 1, '1/3/2024', 11, 10923.75, 1946.12, 0.00, 0.00, 0.00, 0.00);
INSERT INTO `cuotas` VALUES (31, 1, '16/3/2024', 12, 11287.88, 1581.99, 0.00, 0.00, 0.00, 0.00);
INSERT INTO `cuotas` VALUES (31, 1, '31/3/2024', 13, 11664.14, 1205.73, 0.00, 0.00, 0.00, 0.00);
INSERT INTO `cuotas` VALUES (31, 1, '15/4/2024', 14, 12052.95, 816.92, 0.00, 0.00, 0.00, 0.00);
INSERT INTO `cuotas` VALUES (31, 1, '30/4/2024', 15, 12454.71, 415.16, 0.00, 0.00, 0.00, 0.00);
INSERT INTO `cuotas` VALUES (32, 1, '19/10/2023', 1, 4178.16, 5000.00, 0.00, 0.00, 0.00, 0.00);
INSERT INTO `cuotas` VALUES (32, 1, '19/11/2023', 2, 4317.43, 4860.73, 0.00, 0.00, 0.00, 0.00);
INSERT INTO `cuotas` VALUES (32, 1, '19/12/2023', 3, 4461.35, 4716.81, 0.00, 0.00, 0.00, 0.00);
INSERT INTO `cuotas` VALUES (32, 1, '19/1/2024', 4, 4610.06, 4568.10, 0.00, 0.00, 0.00, 0.00);
INSERT INTO `cuotas` VALUES (32, 1, '19/2/2024', 5, 4763.73, 4414.43, 0.00, 0.00, 0.00, 0.00);
INSERT INTO `cuotas` VALUES (32, 1, '18/3/2024', 6, 4922.52, 4255.64, 0.00, 0.00, 0.00, 0.00);
INSERT INTO `cuotas` VALUES (32, 1, '18/4/2024', 7, 5086.60, 4091.56, 0.00, 0.00, 0.00, 0.00);
INSERT INTO `cuotas` VALUES (32, 1, '18/5/2024', 8, 5256.15, 3922.01, 0.00, 0.00, 0.00, 0.00);
INSERT INTO `cuotas` VALUES (32, 1, '18/6/2024', 9, 5431.36, 3746.80, 0.00, 0.00, 0.00, 0.00);
INSERT INTO `cuotas` VALUES (32, 1, '18/7/2024', 10, 5612.41, 3565.75, 0.00, 0.00, 0.00, 0.00);
INSERT INTO `cuotas` VALUES (32, 1, '18/8/2024', 11, 5799.49, 3378.67, 0.00, 0.00, 0.00, 0.00);
INSERT INTO `cuotas` VALUES (32, 1, '18/9/2024', 12, 5992.80, 3185.36, 0.00, 0.00, 0.00, 0.00);
INSERT INTO `cuotas` VALUES (32, 1, '18/10/2024', 13, 6192.56, 2985.60, 0.00, 0.00, 0.00, 0.00);
INSERT INTO `cuotas` VALUES (32, 1, '18/11/2024', 14, 6398.98, 2779.18, 0.00, 0.00, 0.00, 0.00);
INSERT INTO `cuotas` VALUES (32, 1, '18/12/2024', 15, 6612.28, 2565.88, 0.00, 0.00, 0.00, 0.00);
INSERT INTO `cuotas` VALUES (32, 1, '18/1/2025', 16, 6832.69, 2345.47, 0.00, 0.00, 0.00, 0.00);
INSERT INTO `cuotas` VALUES (32, 1, '18/2/2025', 17, 7060.45, 2117.71, 0.00, 0.00, 0.00, 0.00);
INSERT INTO `cuotas` VALUES (32, 1, '18/3/2025', 18, 7295.79, 1882.37, 0.00, 0.00, 0.00, 0.00);
INSERT INTO `cuotas` VALUES (32, 1, '18/4/2025', 19, 7538.99, 1639.17, 0.00, 0.00, 0.00, 0.00);
INSERT INTO `cuotas` VALUES (32, 1, '18/5/2025', 20, 7790.29, 1387.87, 0.00, 0.00, 0.00, 0.00);
INSERT INTO `cuotas` VALUES (32, 1, '18/6/2025', 21, 8049.96, 1128.20, 0.00, 0.00, 0.00, 0.00);
INSERT INTO `cuotas` VALUES (32, 1, '18/7/2025', 22, 8318.29, 859.87, 0.00, 0.00, 0.00, 0.00);
INSERT INTO `cuotas` VALUES (32, 1, '18/8/2025', 23, 8595.57, 582.59, 0.00, 0.00, 0.00, 0.00);
INSERT INTO `cuotas` VALUES (32, 1, '18/9/2025', 24, 8882.09, 296.07, 0.00, 0.00, 0.00, 0.00);
INSERT INTO `cuotas` VALUES (33, 1, '19/10/2023', 1, 621.60, 500.00, 0.00, 0.00, 0.00, 0.00);
INSERT INTO `cuotas` VALUES (33, 1, '19/11/2023', 2, 642.32, 479.28, 0.00, 0.00, 0.00, 0.00);
INSERT INTO `cuotas` VALUES (33, 1, '19/12/2023', 3, 663.73, 457.87, 0.00, 0.00, 0.00, 0.00);
INSERT INTO `cuotas` VALUES (33, 1, '19/1/2024', 4, 685.86, 435.74, 0.00, 0.00, 0.00, 0.00);
INSERT INTO `cuotas` VALUES (33, 1, '19/2/2024', 5, 708.72, 412.88, 0.00, 0.00, 0.00, 0.00);
INSERT INTO `cuotas` VALUES (33, 1, '18/3/2024', 6, 732.34, 389.26, 0.00, 0.00, 0.00, 0.00);
INSERT INTO `cuotas` VALUES (33, 1, '18/4/2024', 7, 756.75, 364.85, 0.00, 0.00, 0.00, 0.00);
INSERT INTO `cuotas` VALUES (33, 1, '18/5/2024', 8, 781.98, 339.62, 0.00, 0.00, 0.00, 0.00);
INSERT INTO `cuotas` VALUES (33, 1, '18/6/2024', 9, 808.04, 313.56, 0.00, 0.00, 0.00, 0.00);
INSERT INTO `cuotas` VALUES (33, 1, '18/7/2024', 10, 834.98, 286.62, 0.00, 0.00, 0.00, 0.00);
INSERT INTO `cuotas` VALUES (33, 1, '18/8/2024', 11, 862.81, 258.79, 0.00, 0.00, 0.00, 0.00);
INSERT INTO `cuotas` VALUES (33, 1, '18/9/2024', 12, 891.57, 230.03, 0.00, 0.00, 0.00, 0.00);
INSERT INTO `cuotas` VALUES (33, 1, '18/10/2024', 13, 921.29, 200.31, 0.00, 0.00, 0.00, 0.00);
INSERT INTO `cuotas` VALUES (33, 1, '18/11/2024', 14, 952.00, 169.60, 0.00, 0.00, 0.00, 0.00);
INSERT INTO `cuotas` VALUES (33, 1, '18/12/2024', 15, 983.73, 137.87, 0.00, 0.00, 0.00, 0.00);
INSERT INTO `cuotas` VALUES (33, 1, '18/1/2025', 16, 1016.52, 105.08, 0.00, 0.00, 0.00, 0.00);
INSERT INTO `cuotas` VALUES (33, 1, '18/2/2025', 17, 1050.41, 71.19, 0.00, 0.00, 0.00, 0.00);
INSERT INTO `cuotas` VALUES (33, 1, '18/3/2025', 18, 1085.42, 36.18, 0.00, 0.00, 0.00, 0.00);
INSERT INTO `cuotas` VALUES (34, 1, '19/10/2023', 1, 621.60, 500.00, 0.00, 0.00, 0.00, 0.00);
INSERT INTO `cuotas` VALUES (34, 1, '19/11/2023', 2, 642.32, 479.28, 0.00, 0.00, 0.00, 0.00);
INSERT INTO `cuotas` VALUES (34, 1, '19/12/2023', 3, 663.73, 457.87, 0.00, 0.00, 0.00, 0.00);
INSERT INTO `cuotas` VALUES (34, 1, '19/1/2024', 4, 685.86, 435.74, 0.00, 0.00, 0.00, 0.00);
INSERT INTO `cuotas` VALUES (34, 1, '19/2/2024', 5, 708.72, 412.88, 0.00, 0.00, 0.00, 0.00);
INSERT INTO `cuotas` VALUES (34, 1, '18/3/2024', 6, 732.34, 389.26, 0.00, 0.00, 0.00, 0.00);
INSERT INTO `cuotas` VALUES (34, 1, '18/4/2024', 7, 756.75, 364.85, 0.00, 0.00, 0.00, 0.00);
INSERT INTO `cuotas` VALUES (34, 1, '18/5/2024', 8, 781.98, 339.62, 0.00, 0.00, 0.00, 0.00);
INSERT INTO `cuotas` VALUES (34, 1, '18/6/2024', 9, 808.04, 313.56, 0.00, 0.00, 0.00, 0.00);
INSERT INTO `cuotas` VALUES (34, 1, '18/7/2024', 10, 834.98, 286.62, 0.00, 0.00, 0.00, 0.00);
INSERT INTO `cuotas` VALUES (34, 1, '18/8/2024', 11, 862.81, 258.79, 0.00, 0.00, 0.00, 0.00);
INSERT INTO `cuotas` VALUES (34, 1, '18/9/2024', 12, 891.57, 230.03, 0.00, 0.00, 0.00, 0.00);
INSERT INTO `cuotas` VALUES (34, 1, '18/10/2024', 13, 921.29, 200.31, 0.00, 0.00, 0.00, 0.00);
INSERT INTO `cuotas` VALUES (34, 1, '18/11/2024', 14, 952.00, 169.60, 0.00, 0.00, 0.00, 0.00);
INSERT INTO `cuotas` VALUES (34, 1, '18/12/2024', 15, 983.73, 137.87, 0.00, 0.00, 0.00, 0.00);
INSERT INTO `cuotas` VALUES (34, 1, '18/1/2025', 16, 1016.52, 105.08, 0.00, 0.00, 0.00, 0.00);
INSERT INTO `cuotas` VALUES (34, 1, '18/2/2025', 17, 1050.41, 71.19, 0.00, 0.00, 0.00, 0.00);
INSERT INTO `cuotas` VALUES (34, 1, '18/3/2025', 18, 1085.42, 36.18, 0.00, 0.00, 0.00, 0.00);
INSERT INTO `cuotas` VALUES (35, 1, '19/10/2023', 1, 1036.00, 833.33, 0.00, 0.00, 0.00, 0.00);
INSERT INTO `cuotas` VALUES (35, 1, '19/11/2023', 2, 1070.53, 798.80, 0.00, 0.00, 0.00, 0.00);
INSERT INTO `cuotas` VALUES (35, 1, '19/12/2023', 3, 1106.21, 763.12, 0.00, 0.00, 0.00, 0.00);
INSERT INTO `cuotas` VALUES (35, 1, '19/1/2024', 4, 1143.09, 726.24, 0.00, 0.00, 0.00, 0.00);
INSERT INTO `cuotas` VALUES (35, 1, '19/2/2024', 5, 1181.19, 688.14, 0.00, 0.00, 0.00, 0.00);
INSERT INTO `cuotas` VALUES (35, 1, '18/3/2024', 6, 1220.56, 648.77, 0.00, 0.00, 0.00, 0.00);
INSERT INTO `cuotas` VALUES (35, 1, '18/4/2024', 7, 1261.25, 608.08, 0.00, 0.00, 0.00, 0.00);
INSERT INTO `cuotas` VALUES (35, 1, '18/5/2024', 8, 1303.29, 566.04, 0.00, 0.00, 0.00, 0.00);
INSERT INTO `cuotas` VALUES (35, 1, '18/6/2024', 9, 1346.73, 522.60, 0.00, 0.00, 0.00, 0.00);
INSERT INTO `cuotas` VALUES (35, 1, '18/7/2024', 10, 1391.63, 477.70, 0.00, 0.00, 0.00, 0.00);
INSERT INTO `cuotas` VALUES (35, 1, '18/8/2024', 11, 1438.01, 431.32, 0.00, 0.00, 0.00, 0.00);
INSERT INTO `cuotas` VALUES (35, 1, '18/9/2024', 12, 1485.95, 383.38, 0.00, 0.00, 0.00, 0.00);
INSERT INTO `cuotas` VALUES (35, 1, '18/10/2024', 13, 1535.48, 333.85, 0.00, 0.00, 0.00, 0.00);
INSERT INTO `cuotas` VALUES (35, 1, '18/11/2024', 14, 1586.66, 282.67, 0.00, 0.00, 0.00, 0.00);
INSERT INTO `cuotas` VALUES (35, 1, '18/12/2024', 15, 1639.55, 229.78, 0.00, 0.00, 0.00, 0.00);
INSERT INTO `cuotas` VALUES (35, 1, '18/1/2025', 16, 1694.20, 175.13, 0.00, 0.00, 0.00, 0.00);
INSERT INTO `cuotas` VALUES (35, 1, '18/2/2025', 17, 1750.67, 118.66, 0.00, 0.00, 0.00, 0.00);
INSERT INTO `cuotas` VALUES (35, 1, '18/3/2025', 18, 1809.03, 60.30, 0.00, 0.00, 0.00, 0.00);
INSERT INTO `cuotas` VALUES (36, 1, '19/10/2023', 1, 1311.65, 833.33, 0.00, 0.00, 0.00, 0.00);
INSERT INTO `cuotas` VALUES (36, 1, '19/11/2023', 2, 1355.37, 789.61, 0.00, 0.00, 0.00, 0.00);
INSERT INTO `cuotas` VALUES (36, 1, '19/12/2023', 3, 1400.55, 744.43, 0.00, 0.00, 0.00, 0.00);
INSERT INTO `cuotas` VALUES (36, 1, '19/01/2024', 4, 1447.23, 697.75, 0.00, 0.00, 0.00, 0.00);
INSERT INTO `cuotas` VALUES (36, 1, '19/02/2024', 5, 1495.47, 649.51, 0.00, 0.00, 0.00, 0.00);
INSERT INTO `cuotas` VALUES (36, 1, '18/03/2024', 6, 1545.32, 599.66, 0.00, 0.00, 0.00, 0.00);
INSERT INTO `cuotas` VALUES (36, 1, '18/04/2024', 7, 1596.83, 548.15, 0.00, 0.00, 0.00, 0.00);
INSERT INTO `cuotas` VALUES (36, 1, '18/05/2024', 8, 1650.06, 494.92, 0.00, 0.00, 0.00, 0.00);
INSERT INTO `cuotas` VALUES (36, 1, '18/06/2024', 9, 1705.06, 439.92, 0.00, 0.00, 0.00, 0.00);
INSERT INTO `cuotas` VALUES (36, 1, '18/07/2024', 10, 1761.90, 383.08, 0.00, 0.00, 0.00, 0.00);
INSERT INTO `cuotas` VALUES (36, 1, '18/08/2024', 11, 1820.63, 324.35, 0.00, 0.00, 0.00, 0.00);
INSERT INTO `cuotas` VALUES (36, 1, '18/09/2024', 12, 1881.32, 263.66, 0.00, 0.00, 0.00, 0.00);
INSERT INTO `cuotas` VALUES (36, 1, '18/10/2024', 13, 1944.03, 200.95, 0.00, 0.00, 0.00, 0.00);
INSERT INTO `cuotas` VALUES (36, 1, '18/11/2024', 14, 2008.83, 136.15, 0.00, 0.00, 0.00, 0.00);
INSERT INTO `cuotas` VALUES (36, 1, '18/12/2024', 15, 2075.79, 69.19, 0.00, 0.00, 0.00, 0.00);
INSERT INTO `cuotas` VALUES (37, 1, '18/12/2023', 1, 4178.16, 5000.00, 0.00, 0.00, 0.00, 0.00);
INSERT INTO `cuotas` VALUES (37, 1, '17/03/2024', 2, 4317.43, 4860.73, 0.00, 0.00, 0.00, 0.00);
INSERT INTO `cuotas` VALUES (37, 1, '15/06/2024', 3, 4461.35, 4716.81, 0.00, 0.00, 0.00, 0.00);
INSERT INTO `cuotas` VALUES (37, 1, '13/09/2024', 4, 4610.06, 4568.10, 0.00, 0.00, 0.00, 0.00);
INSERT INTO `cuotas` VALUES (37, 1, '12/12/2024', 5, 4763.73, 4414.43, 0.00, 0.00, 0.00, 0.00);
INSERT INTO `cuotas` VALUES (37, 1, '12/03/2025', 6, 4922.52, 4255.64, 0.00, 0.00, 0.00, 0.00);
INSERT INTO `cuotas` VALUES (37, 1, '10/06/2025', 7, 5086.60, 4091.56, 0.00, 0.00, 0.00, 0.00);
INSERT INTO `cuotas` VALUES (37, 1, '08/09/2025', 8, 5256.15, 3922.01, 0.00, 0.00, 0.00, 0.00);
INSERT INTO `cuotas` VALUES (37, 1, '07/12/2025', 9, 5431.36, 3746.80, 0.00, 0.00, 0.00, 0.00);
INSERT INTO `cuotas` VALUES (37, 1, '07/03/2026', 10, 5612.41, 3565.75, 0.00, 0.00, 0.00, 0.00);
INSERT INTO `cuotas` VALUES (37, 1, '05/06/2026', 11, 5799.49, 3378.67, 0.00, 0.00, 0.00, 0.00);
INSERT INTO `cuotas` VALUES (37, 1, '03/09/2026', 12, 5992.80, 3185.36, 0.00, 0.00, 0.00, 0.00);
INSERT INTO `cuotas` VALUES (37, 1, '02/12/2026', 13, 6192.56, 2985.60, 0.00, 0.00, 0.00, 0.00);
INSERT INTO `cuotas` VALUES (37, 1, '02/03/2027', 14, 6398.98, 2779.18, 0.00, 0.00, 0.00, 0.00);
INSERT INTO `cuotas` VALUES (37, 1, '31/05/2027', 15, 6612.28, 2565.88, 0.00, 0.00, 0.00, 0.00);
INSERT INTO `cuotas` VALUES (37, 1, '29/08/2027', 16, 6832.69, 2345.47, 0.00, 0.00, 0.00, 0.00);
INSERT INTO `cuotas` VALUES (37, 1, '27/11/2027', 17, 7060.45, 2117.71, 0.00, 0.00, 0.00, 0.00);
INSERT INTO `cuotas` VALUES (37, 1, '25/02/2028', 18, 7295.79, 1882.37, 0.00, 0.00, 0.00, 0.00);
INSERT INTO `cuotas` VALUES (37, 1, '25/05/2028', 19, 7538.99, 1639.17, 0.00, 0.00, 0.00, 0.00);
INSERT INTO `cuotas` VALUES (37, 1, '23/08/2028', 20, 7790.29, 1387.87, 0.00, 0.00, 0.00, 0.00);
INSERT INTO `cuotas` VALUES (37, 1, '21/11/2028', 21, 8049.96, 1128.20, 0.00, 0.00, 0.00, 0.00);
INSERT INTO `cuotas` VALUES (37, 1, '19/02/2029', 22, 8318.29, 859.87, 0.00, 0.00, 0.00, 0.00);
INSERT INTO `cuotas` VALUES (37, 1, '20/05/2029', 23, 8595.57, 582.59, 0.00, 0.00, 0.00, 0.00);
INSERT INTO `cuotas` VALUES (37, 1, '18/08/2029', 24, 8882.09, 296.07, 0.00, 0.00, 0.00, 0.00);
INSERT INTO `cuotas` VALUES (38, 1, '26/09/2023', 1, 417.82, 500.00, 0.00, 0.00, 0.00, 0.00);
INSERT INTO `cuotas` VALUES (38, 1, '03/10/2023', 2, 431.75, 486.07, 0.00, 0.00, 0.00, 0.00);
INSERT INTO `cuotas` VALUES (38, 1, '10/10/2023', 3, 446.14, 471.68, 0.00, 0.00, 0.00, 0.00);
INSERT INTO `cuotas` VALUES (38, 1, '17/10/2023', 4, 461.01, 456.81, 0.00, 0.00, 0.00, 0.00);
INSERT INTO `cuotas` VALUES (38, 1, '24/10/2023', 5, 476.38, 441.44, 0.00, 0.00, 0.00, 0.00);
INSERT INTO `cuotas` VALUES (38, 1, '31/10/2023', 6, 492.26, 425.56, 0.00, 0.00, 0.00, 0.00);
INSERT INTO `cuotas` VALUES (38, 1, '07/11/2023', 7, 508.67, 409.15, 0.00, 0.00, 0.00, 0.00);
INSERT INTO `cuotas` VALUES (38, 1, '14/11/2023', 8, 525.62, 392.20, 0.00, 0.00, 0.00, 0.00);
INSERT INTO `cuotas` VALUES (38, 1, '21/11/2023', 9, 543.14, 374.68, 0.00, 0.00, 0.00, 0.00);
INSERT INTO `cuotas` VALUES (38, 1, '28/11/2023', 10, 561.25, 356.57, 0.00, 0.00, 0.00, 0.00);
INSERT INTO `cuotas` VALUES (38, 1, '05/12/2023', 11, 579.95, 337.87, 0.00, 0.00, 0.00, 0.00);
INSERT INTO `cuotas` VALUES (38, 1, '12/12/2023', 12, 599.29, 318.53, 0.00, 0.00, 0.00, 0.00);
INSERT INTO `cuotas` VALUES (38, 1, '19/12/2023', 13, 619.26, 298.56, 0.00, 0.00, 0.00, 0.00);
INSERT INTO `cuotas` VALUES (38, 1, '26/12/2023', 14, 639.90, 277.92, 0.00, 0.00, 0.00, 0.00);
INSERT INTO `cuotas` VALUES (38, 1, '02/01/2024', 15, 661.23, 256.59, 0.00, 0.00, 0.00, 0.00);
INSERT INTO `cuotas` VALUES (38, 1, '09/01/2024', 16, 683.28, 234.54, 0.00, 0.00, 0.00, 0.00);
INSERT INTO `cuotas` VALUES (38, 1, '16/01/2024', 17, 706.05, 211.77, 0.00, 0.00, 0.00, 0.00);
INSERT INTO `cuotas` VALUES (38, 1, '23/01/2024', 18, 729.59, 188.23, 0.00, 0.00, 0.00, 0.00);
INSERT INTO `cuotas` VALUES (38, 1, '30/01/2024', 19, 753.91, 163.91, 0.00, 0.00, 0.00, 0.00);
INSERT INTO `cuotas` VALUES (38, 1, '06/02/2024', 20, 779.04, 138.78, 0.00, 0.00, 0.00, 0.00);
INSERT INTO `cuotas` VALUES (38, 1, '13/02/2024', 21, 805.00, 112.82, 0.00, 0.00, 0.00, 0.00);
INSERT INTO `cuotas` VALUES (38, 1, '20/02/2024', 22, 831.84, 85.98, 0.00, 0.00, 0.00, 0.00);
INSERT INTO `cuotas` VALUES (38, 1, '27/02/2024', 23, 859.57, 58.25, 0.00, 0.00, 0.00, 0.00);
INSERT INTO `cuotas` VALUES (38, 1, '05/03/2024', 24, 888.22, 29.60, 0.00, 0.00, 0.00, 0.00);

-- ----------------------------
-- Table structure for detalle_pagos
-- ----------------------------
DROP TABLE IF EXISTS `detalle_pagos`;
CREATE TABLE `detalle_pagos`  (
  `pagos_id` int(20) NULL DEFAULT NULL,
  `empresa_id` int(10) NULL DEFAULT NULL,
  `npago` int(10) NULL DEFAULT NULL,
  `detalle` varchar(255) CHARACTER SET utf8 COLLATE utf8_spanish2_ci NULL DEFAULT NULL,
  `tcapital` double(15, 2) NOT NULL,
  `tinteres` double(15, 2) NOT NULL,
  `tseguro` double(15, 2) NOT NULL,
  `totros` double(15, 2) NOT NULL,
  `tmora` double(15, 2) NOT NULL,
  `balance` double(15, 2) NOT NULL,
  `atrasos` double(15, 2) NOT NULL,
  INDEX `pagos_id`(`pagos_id`) USING BTREE,
  INDEX `empresa_id`(`empresa_id`) USING BTREE,
  CONSTRAINT `fk_detalle_pagos_detalle_pagos_1` FOREIGN KEY (`pagos_id`) REFERENCES `pagos` (`id`) ON DELETE RESTRICT ON UPDATE RESTRICT,
  CONSTRAINT `fk_detalle_pagos_detalle_pagos_2` FOREIGN KEY (`empresa_id`) REFERENCES `empresa` (`id`) ON DELETE RESTRICT ON UPDATE RESTRICT
) ENGINE = InnoDB CHARACTER SET = utf8 COLLATE = utf8_spanish2_ci ROW_FORMAT = Dynamic;

-- ----------------------------
-- Records of detalle_pagos
-- ----------------------------
INSERT INTO `detalle_pagos` VALUES (6, 1, 1, 'Saldo Cuota:#1', 1166.37, 187.50, 0.00, 0.00, 0.00, 0.00, 0.00);
INSERT INTO `detalle_pagos` VALUES (6, 1, 2, 'Saldo Cuota:#2', 1180.95, 172.92, 0.00, 0.00, 0.00, 0.00, 0.00);
INSERT INTO `detalle_pagos` VALUES (6, 1, 3, 'Saldo Cuota:#3', 1195.71, 158.16, 0.00, 0.00, 0.00, 0.00, 0.00);
INSERT INTO `detalle_pagos` VALUES (6, 1, 4, 'Saldo Cuota:#4', 1210.66, 143.21, 0.00, 0.00, 0.00, 0.00, 0.00);
INSERT INTO `detalle_pagos` VALUES (6, 1, 5, 'Abono Cuota:#5', 256.44, 128.08, 0.00, 0.00, 0.00, 0.00, 0.00);
INSERT INTO `detalle_pagos` VALUES (7, 1, 5, 'Saldo Cuota:#5', 969.35, 0.00, 0.00, 0.00, 0.00, 0.00, 0.00);
INSERT INTO `detalle_pagos` VALUES (7, 1, 6, 'Saldo Cuota:#6', 1241.11, 112.76, 0.00, 0.00, 0.00, 0.00, 0.00);
INSERT INTO `detalle_pagos` VALUES (7, 1, 7, 'Saldo Cuota:#7', 1256.63, 97.24, 0.00, 0.00, 0.00, 0.00, 0.00);
INSERT INTO `detalle_pagos` VALUES (7, 1, 8, 'Saldo Cuota:#8', 1272.34, 81.53, 0.00, 0.00, 0.00, 0.00, 0.00);
INSERT INTO `detalle_pagos` VALUES (7, 1, 9, 'Saldo Cuota:#9', 1288.24, 65.63, 0.00, 0.00, 0.00, 0.00, 0.00);
INSERT INTO `detalle_pagos` VALUES (7, 1, 10, 'Saldo Cuota:#10', 1304.34, 49.53, 0.00, 0.00, 0.00, 0.00, 0.00);
INSERT INTO `detalle_pagos` VALUES (7, 1, 11, 'Saldo Cuota:#11', 1320.65, 33.22, 0.00, 0.00, 0.00, 0.00, 0.00);
INSERT INTO `detalle_pagos` VALUES (7, 1, 12, 'Saldo Cuota:#12', 1337.15, 16.72, 0.00, 0.00, 0.00, 0.00, 0.00);
INSERT INTO `detalle_pagos` VALUES (8, 1, 1, 'Saldo Cuota:#1', 1166.37, 187.50, 0.00, 0.00, 0.00, 0.00, 0.00);
INSERT INTO `detalle_pagos` VALUES (8, 1, 2, 'Saldo Cuota:#2', 1180.95, 172.92, 0.00, 0.00, 0.00, 0.00, 0.00);
INSERT INTO `detalle_pagos` VALUES (8, 1, 3, 'Saldo Cuota:#3', 1195.71, 158.16, 0.00, 0.00, 0.00, 0.00, 0.00);
INSERT INTO `detalle_pagos` VALUES (8, 1, 4, 'Saldo Cuota:#4', 1210.66, 143.21, 0.00, 0.00, 0.00, 0.00, 0.00);
INSERT INTO `detalle_pagos` VALUES (8, 1, 5, 'Saldo Cuota:#5', 1225.79, 128.08, 0.00, 0.00, 0.00, 0.00, 0.00);
INSERT INTO `detalle_pagos` VALUES (8, 1, 6, 'Saldo Cuota:#6', 1241.11, 112.76, 0.00, 0.00, 0.00, 0.00, 0.00);
INSERT INTO `detalle_pagos` VALUES (8, 1, 7, 'Saldo Cuota:#7', 1256.63, 97.24, 0.00, 0.00, 0.00, 0.00, 0.00);
INSERT INTO `detalle_pagos` VALUES (8, 1, 8, 'Saldo Cuota:#8', 1272.34, 81.53, 0.00, 0.00, 0.00, 0.00, 0.00);
INSERT INTO `detalle_pagos` VALUES (8, 1, 9, 'Saldo Cuota:#9', 1288.24, 65.63, 0.00, 0.00, 0.00, 0.00, 0.00);
INSERT INTO `detalle_pagos` VALUES (8, 1, 10, 'Saldo Cuota:#10', 1304.34, 49.53, 0.00, 0.00, 0.00, 0.00, 0.00);
INSERT INTO `detalle_pagos` VALUES (8, 1, 11, 'Saldo Cuota:#11', 1320.65, 33.22, 0.00, 0.00, 0.00, 0.00, 0.00);
INSERT INTO `detalle_pagos` VALUES (8, 1, 12, 'Saldo Cuota:#12', 1337.15, 16.72, 0.00, 0.00, 0.00, 0.00, 0.00);
INSERT INTO `detalle_pagos` VALUES (9, 1, 1, 'Saldo Cuota:#1', 748.27, 187.50, 0.00, 0.00, 0.00, 0.00, 0.00);
INSERT INTO `detalle_pagos` VALUES (9, 1, 2, 'Saldo Cuota:#2', 757.62, 178.15, 0.00, 0.00, 0.00, 0.00, 0.00);
INSERT INTO `detalle_pagos` VALUES (9, 1, 3, 'Saldo Cuota:#3', 767.09, 168.68, 0.00, 0.00, 0.00, 0.00, 0.00);
INSERT INTO `detalle_pagos` VALUES (9, 1, 4, 'Saldo Cuota:#4', 776.68, 159.09, 0.00, 0.00, 0.00, 0.00, 0.00);
INSERT INTO `detalle_pagos` VALUES (9, 1, 5, 'Saldo Cuota:#5', 786.39, 149.38, 0.00, 0.00, 0.00, 0.00, 0.00);
INSERT INTO `detalle_pagos` VALUES (9, 1, 6, 'Saldo Cuota:#6', 796.22, 139.55, 0.00, 0.00, 0.00, 0.00, 0.00);
INSERT INTO `detalle_pagos` VALUES (9, 1, 7, 'Saldo Cuota:#7', 806.17, 129.60, 0.00, 0.00, 0.00, 0.00, 0.00);
INSERT INTO `detalle_pagos` VALUES (9, 1, 8, 'Saldo Cuota:#8', 816.25, 119.52, 0.00, 0.00, 0.00, 0.00, 0.00);
INSERT INTO `detalle_pagos` VALUES (9, 1, 9, 'Saldo Cuota:#9', 826.45, 109.32, 0.00, 0.00, 0.00, 0.00, 0.00);
INSERT INTO `detalle_pagos` VALUES (9, 1, 10, 'Saldo Cuota:#10', 836.78, 98.99, 0.00, 0.00, 0.00, 0.00, 0.00);
INSERT INTO `detalle_pagos` VALUES (9, 1, 11, 'Abono Cuota:#11', 553.77, 88.53, 0.00, 0.00, 0.00, 0.00, 0.00);
INSERT INTO `detalle_pagos` VALUES (10, 1, 11, 'Saldo Cuota:#11', 293.47, 0.00, 0.00, 0.00, 0.00, 0.00, 0.00);
INSERT INTO `detalle_pagos` VALUES (10, 1, 12, 'Saldo Cuota:#12', 857.83, 77.94, 0.00, 0.00, 0.00, 0.00, 0.00);
INSERT INTO `detalle_pagos` VALUES (10, 1, 13, 'Saldo Cuota:#13', 868.56, 67.21, 0.00, 0.00, 0.00, 0.00, 0.00);
INSERT INTO `detalle_pagos` VALUES (10, 1, 14, 'Saldo Cuota:#14', 879.41, 56.36, 0.00, 0.00, 0.00, 0.00, 0.00);
INSERT INTO `detalle_pagos` VALUES (10, 1, 15, 'Saldo Cuota:#15', 890.41, 45.36, 0.00, 0.00, 0.00, 0.00, 0.00);
INSERT INTO `detalle_pagos` VALUES (10, 1, 16, 'Saldo Cuota:#16', 901.54, 34.23, 0.00, 0.00, 0.00, 0.00, 0.00);
INSERT INTO `detalle_pagos` VALUES (10, 1, 17, 'Saldo Cuota:#17', 912.81, 22.96, 0.00, 0.00, 0.00, 0.00, 0.00);
INSERT INTO `detalle_pagos` VALUES (10, 1, 18, 'Saldo Cuota:#18', 924.22, 11.55, 0.00, 0.00, 0.00, 0.00, 0.00);
INSERT INTO `detalle_pagos` VALUES (11, 1, 1, 'Saldo Cuota:#1', 7647.31, 1500.00, 0.00, 0.00, 0.00, 0.00, 0.00);
INSERT INTO `detalle_pagos` VALUES (11, 1, 2, 'Abono Cuota:#2', 1129.16, 1423.53, 0.00, 0.00, 0.00, 0.00, 0.00);
INSERT INTO `detalle_pagos` VALUES (12, 1, 2, 'Saldo Cuota:#2', 6594.62, 0.00, 0.00, 0.00, 0.00, 0.00, 0.00);
INSERT INTO `detalle_pagos` VALUES (12, 1, 3, 'Abono Cuota:#3', 7059.09, 1346.29, 0.00, 0.00, 0.00, 0.00, 0.00);
INSERT INTO `detalle_pagos` VALUES (13, 1, 3, 'Saldo Cuota:#3', 741.93, 0.00, 0.00, 0.00, 0.00, 0.00, 0.00);
INSERT INTO `detalle_pagos` VALUES (13, 1, 4, 'Saldo Cuota:#4', 7879.03, 1268.28, 0.00, 0.00, 0.00, 0.00, 0.00);
INSERT INTO `detalle_pagos` VALUES (13, 1, 5, 'Saldo Cuota:#5', 7957.82, 1189.49, 0.00, 0.00, 0.00, 0.00, 0.00);
INSERT INTO `detalle_pagos` VALUES (13, 1, 6, 'Abono Cuota:#6', 4853.54, 1109.91, 0.00, 0.00, 0.00, 0.00, 0.00);
INSERT INTO `detalle_pagos` VALUES (14, 1, 6, 'Saldo Cuota:#6', 3183.86, 0.00, 0.00, 0.00, 0.00, 0.00, 0.00);
INSERT INTO `detalle_pagos` VALUES (14, 1, 7, 'Saldo Cuota:#7', 8117.77, 1029.54, 0.00, 0.00, 0.00, 0.00, 0.00);
INSERT INTO `detalle_pagos` VALUES (14, 1, 8, 'Saldo Cuota:#8', 8198.95, 948.36, 0.00, 0.00, 0.00, 0.00, 0.00);
INSERT INTO `detalle_pagos` VALUES (14, 1, 9, 'Saldo Cuota:#9', 8280.94, 866.37, 0.00, 0.00, 0.00, 0.00, 0.00);
INSERT INTO `detalle_pagos` VALUES (14, 1, 10, 'Saldo Cuota:#10', 8363.75, 783.56, 0.00, 0.00, 0.00, 0.00, 0.00);
INSERT INTO `detalle_pagos` VALUES (14, 1, 11, 'Saldo Cuota:#11', 8447.39, 699.92, 0.00, 0.00, 0.00, 0.00, 0.00);
INSERT INTO `detalle_pagos` VALUES (14, 1, 12, 'Saldo Cuota:#12', 8531.86, 615.45, 0.00, 0.00, 0.00, 0.00, 0.00);
INSERT INTO `detalle_pagos` VALUES (14, 1, 13, 'Saldo Cuota:#13', 8617.18, 530.13, 0.00, 0.00, 0.00, 0.00, 0.00);
INSERT INTO `detalle_pagos` VALUES (14, 1, 14, 'Saldo Cuota:#14', 8703.35, 443.96, 0.00, 0.00, 0.00, 0.00, 0.00);
INSERT INTO `detalle_pagos` VALUES (14, 1, 15, 'Saldo Cuota:#15', 8790.39, 356.92, 0.00, 0.00, 0.00, 0.00, 0.00);
INSERT INTO `detalle_pagos` VALUES (14, 1, 16, 'Saldo Cuota:#16', 8878.29, 269.02, 0.00, 0.00, 0.00, 0.00, 0.00);
INSERT INTO `detalle_pagos` VALUES (14, 1, 17, 'Saldo Cuota:#17', 8967.07, 180.24, 0.00, 0.00, 0.00, 0.00, 0.00);
INSERT INTO `detalle_pagos` VALUES (14, 1, 18, 'Abono Cuota:#18', 7105.16, 90.57, 0.00, 0.00, 0.00, 0.00, 0.00);
INSERT INTO `detalle_pagos` VALUES (15, 1, 18, 'Saldo Cuota:#18', 1951.58, 0.00, 0.00, 0.00, 0.00, 0.00, 0.00);
INSERT INTO `detalle_pagos` VALUES (16, 1, 1, 'Abono Cuota:#1', 237.50, 312.50, 0.00, 0.00, 0.00, 0.00, 0.00);
INSERT INTO `detalle_pagos` VALUES (17, 1, 1, 'Saldo Cuota:#1', 1706.46, 0.00, 0.00, 0.00, 0.00, 0.00, 0.00);
INSERT INTO `detalle_pagos` VALUES (17, 1, 2, 'Saldo Cuota:#2', 1968.26, 288.20, 0.00, 0.00, 0.00, 0.00, 0.00);
INSERT INTO `detalle_pagos` VALUES (17, 1, 3, 'Saldo Cuota:#3', 1992.86, 263.60, 0.00, 0.00, 0.00, 0.00, 0.00);
INSERT INTO `detalle_pagos` VALUES (17, 1, 4, 'Saldo Cuota:#4', 2017.77, 238.69, 0.00, 0.00, 0.00, 0.00, 0.00);
INSERT INTO `detalle_pagos` VALUES (17, 1, 5, 'Saldo Cuota:#5', 2043.00, 213.46, 0.00, 0.00, 0.00, 0.00, 0.00);
INSERT INTO `detalle_pagos` VALUES (17, 1, 6, 'Saldo Cuota:#6', 2068.53, 187.93, 0.00, 0.00, 0.00, 0.00, 0.00);
INSERT INTO `detalle_pagos` VALUES (17, 1, 7, 'Abono Cuota:#7', 1849.17, 162.07, 0.00, 0.00, 0.00, 0.00, 0.00);
INSERT INTO `detalle_pagos` VALUES (18, 1, 7, 'Saldo Cuota:#7', 245.22, 0.00, 0.00, 0.00, 0.00, 0.00, 0.00);
INSERT INTO `detalle_pagos` VALUES (18, 1, 8, 'Saldo Cuota:#8', 2120.57, 135.89, 0.00, 0.00, 0.00, 0.00, 0.00);
INSERT INTO `detalle_pagos` VALUES (18, 1, 9, 'Saldo Cuota:#9', 2147.08, 109.38, 0.00, 0.00, 0.00, 0.00, 0.00);
INSERT INTO `detalle_pagos` VALUES (18, 1, 10, 'Saldo Cuota:#10', 2173.92, 82.54, 0.00, 0.00, 0.00, 0.00, 0.00);
INSERT INTO `detalle_pagos` VALUES (18, 1, 11, 'Saldo Cuota:#11', 2201.09, 55.37, 0.00, 0.00, 0.00, 0.00, 0.00);
INSERT INTO `detalle_pagos` VALUES (18, 1, 12, 'Saldo Cuota:#12', 2228.60, 27.86, 0.00, 0.00, 0.00, 0.00, 0.00);
INSERT INTO `detalle_pagos` VALUES (19, 1, 1, 'Saldo Cuota:#1', 580.36, 250.00, 0.00, 0.00, 0.00, 0.00, 0.00);
INSERT INTO `detalle_pagos` VALUES (19, 1, 2, 'Saldo Cuota:#2', 586.16, 244.20, 0.00, 0.00, 0.00, 0.00, 0.00);
INSERT INTO `detalle_pagos` VALUES (19, 1, 3, 'Saldo Cuota:#3', 592.03, 238.33, 0.00, 0.00, 0.00, 0.00, 0.00);
INSERT INTO `detalle_pagos` VALUES (19, 1, 4, 'Saldo Cuota:#4', 597.95, 232.41, 0.00, 0.00, 0.00, 0.00, 0.00);
INSERT INTO `detalle_pagos` VALUES (19, 1, 5, 'Saldo Cuota:#5', 603.92, 226.44, 0.00, 0.00, 0.00, 0.00, 0.00);
INSERT INTO `detalle_pagos` VALUES (19, 1, 6, 'Saldo Cuota:#6', 609.96, 220.40, 0.00, 0.00, 0.00, 0.00, 0.00);
INSERT INTO `detalle_pagos` VALUES (19, 1, 7, 'Saldo Cuota:#7', 616.06, 214.30, 0.00, 0.00, 0.00, 0.00, 0.00);
INSERT INTO `detalle_pagos` VALUES (19, 1, 8, 'Saldo Cuota:#8', 622.22, 208.14, 0.00, 0.00, 0.00, 0.00, 0.00);
INSERT INTO `detalle_pagos` VALUES (19, 1, 9, 'Saldo Cuota:#9', 628.45, 201.91, 0.00, 0.00, 0.00, 0.00, 0.00);
INSERT INTO `detalle_pagos` VALUES (19, 1, 10, 'Saldo Cuota:#10', 634.73, 195.63, 0.00, 0.00, 0.00, 0.00, 0.00);
INSERT INTO `detalle_pagos` VALUES (19, 1, 11, 'Saldo Cuota:#11', 641.08, 189.28, 0.00, 0.00, 0.00, 0.00, 0.00);
INSERT INTO `detalle_pagos` VALUES (19, 1, 12, 'Saldo Cuota:#12', 647.49, 182.87, 0.00, 0.00, 0.00, 0.00, 0.00);
INSERT INTO `detalle_pagos` VALUES (19, 1, 13, 'Saldo Cuota:#13', 653.96, 176.40, 0.00, 0.00, 0.00, 0.00, 0.00);
INSERT INTO `detalle_pagos` VALUES (19, 1, 14, 'Saldo Cuota:#14', 660.50, 169.86, 0.00, 0.00, 0.00, 0.00, 0.00);
INSERT INTO `detalle_pagos` VALUES (19, 1, 15, 'Saldo Cuota:#15', 667.11, 163.25, 0.00, 0.00, 0.00, 0.00, 0.00);
INSERT INTO `detalle_pagos` VALUES (19, 1, 16, 'Saldo Cuota:#16', 673.78, 156.58, 0.00, 0.00, 0.00, 0.00, 0.00);
INSERT INTO `detalle_pagos` VALUES (19, 1, 17, 'Abono Cuota:#17', 114.40, 149.84, 0.00, 0.00, 0.00, 0.00, 0.00);
INSERT INTO `detalle_pagos` VALUES (20, 1, 17, 'Saldo Cuota:#17', 566.12, 0.00, 0.00, 0.00, 0.00, 0.00, 0.00);
INSERT INTO `detalle_pagos` VALUES (20, 1, 18, 'Saldo Cuota:#18', 687.32, 143.04, 0.00, 0.00, 0.00, 0.00, 0.00);
INSERT INTO `detalle_pagos` VALUES (20, 1, 19, 'Saldo Cuota:#19', 694.20, 136.16, 0.00, 0.00, 0.00, 0.00, 0.00);
INSERT INTO `detalle_pagos` VALUES (20, 1, 20, 'Saldo Cuota:#20', 701.14, 129.22, 0.00, 0.00, 0.00, 0.00, 0.00);
INSERT INTO `detalle_pagos` VALUES (20, 1, 21, 'Saldo Cuota:#21', 708.15, 122.21, 0.00, 0.00, 0.00, 0.00, 0.00);
INSERT INTO `detalle_pagos` VALUES (20, 1, 22, 'Saldo Cuota:#22', 715.23, 115.13, 0.00, 0.00, 0.00, 0.00, 0.00);
INSERT INTO `detalle_pagos` VALUES (20, 1, 23, 'Saldo Cuota:#23', 722.38, 107.98, 0.00, 0.00, 0.00, 0.00, 0.00);
INSERT INTO `detalle_pagos` VALUES (20, 1, 24, 'Saldo Cuota:#24', 729.61, 100.75, 0.00, 0.00, 0.00, 0.00, 0.00);
INSERT INTO `detalle_pagos` VALUES (20, 1, 25, 'Saldo Cuota:#25', 736.90, 93.46, 0.00, 0.00, 0.00, 0.00, 0.00);
INSERT INTO `detalle_pagos` VALUES (20, 1, 26, 'Saldo Cuota:#26', 744.27, 86.09, 0.00, 0.00, 0.00, 0.00, 0.00);
INSERT INTO `detalle_pagos` VALUES (20, 1, 27, 'Saldo Cuota:#27', 751.71, 78.65, 0.00, 0.00, 0.00, 0.00, 0.00);
INSERT INTO `detalle_pagos` VALUES (20, 1, 28, 'Saldo Cuota:#28', 759.23, 71.13, 0.00, 0.00, 0.00, 0.00, 0.00);
INSERT INTO `detalle_pagos` VALUES (20, 1, 29, 'Abono Cuota:#29', 236.38, 63.54, 0.00, 0.00, 0.00, 0.00, 0.00);
INSERT INTO `detalle_pagos` VALUES (21, 1, 29, 'Saldo Cuota:#29', 530.44, 0.00, 0.00, 0.00, 0.00, 0.00, 0.00);
INSERT INTO `detalle_pagos` VALUES (21, 1, 30, 'Saldo Cuota:#30', 774.49, 55.87, 0.00, 0.00, 0.00, 0.00, 0.00);
INSERT INTO `detalle_pagos` VALUES (21, 1, 31, 'Saldo Cuota:#31', 782.24, 48.12, 0.00, 0.00, 0.00, 0.00, 0.00);
INSERT INTO `detalle_pagos` VALUES (21, 1, 32, 'Saldo Cuota:#32', 790.06, 40.30, 0.00, 0.00, 0.00, 0.00, 0.00);
INSERT INTO `detalle_pagos` VALUES (21, 1, 33, 'Saldo Cuota:#33', 797.96, 32.40, 0.00, 0.00, 0.00, 0.00, 0.00);
INSERT INTO `detalle_pagos` VALUES (21, 1, 34, 'Saldo Cuota:#34', 805.94, 24.42, 0.00, 0.00, 0.00, 0.00, 0.00);
INSERT INTO `detalle_pagos` VALUES (21, 1, 35, 'Saldo Cuota:#35', 814.00, 16.36, 0.00, 0.00, 0.00, 0.00, 0.00);
INSERT INTO `detalle_pagos` VALUES (21, 1, 36, 'Saldo Cuota:#36', 822.14, 8.22, 0.00, 0.00, 0.00, 0.00, 0.00);
INSERT INTO `detalle_pagos` VALUES (22, 1, 1, 'Saldo Cuota:#1', 1934.94, 333.33, 0.00, 0.00, 0.00, 0.00, 0.00);
INSERT INTO `detalle_pagos` VALUES (22, 1, 2, 'Saldo Cuota:#2', 1960.74, 307.53, 0.00, 0.00, 0.00, 0.00, 0.00);
INSERT INTO `detalle_pagos` VALUES (22, 1, 3, 'Saldo Cuota:#3', 1986.88, 281.39, 0.00, 0.00, 0.00, 0.00, 0.00);
INSERT INTO `detalle_pagos` VALUES (22, 1, 4, 'Saldo Cuota:#4', 2013.37, 254.90, 0.00, 0.00, 0.00, 0.00, 0.00);
INSERT INTO `detalle_pagos` VALUES (22, 1, 5, 'Saldo Cuota:#5', 2040.22, 228.05, 0.00, 0.00, 0.00, 0.00, 0.00);
INSERT INTO `detalle_pagos` VALUES (22, 1, 6, 'Saldo Cuota:#6', 2067.42, 200.85, 0.00, 0.00, 0.00, 0.00, 0.00);
INSERT INTO `detalle_pagos` VALUES (22, 1, 7, 'Saldo Cuota:#7', 2094.98, 173.29, 0.00, 0.00, 0.00, 0.00, 0.00);
INSERT INTO `detalle_pagos` VALUES (22, 1, 8, 'Saldo Cuota:#8', 2122.92, 145.35, 0.00, 0.00, 0.00, 0.00, 0.00);
INSERT INTO `detalle_pagos` VALUES (22, 1, 9, 'Saldo Cuota:#9', 2151.22, 117.05, 0.00, 0.00, 0.00, 0.00, 0.00);
INSERT INTO `detalle_pagos` VALUES (22, 1, 10, 'Saldo Cuota:#10', 2179.91, 88.36, 0.00, 0.00, 0.00, 0.00, 0.00);
INSERT INTO `detalle_pagos` VALUES (22, 1, 11, 'Saldo Cuota:#11', 2208.97, 59.30, 0.00, 0.00, 0.00, 0.00, 0.00);
INSERT INTO `detalle_pagos` VALUES (22, 1, 12, 'Abono Cuota:#12', 19.18, 29.85, 0.00, 0.00, 0.00, 0.00, 0.00);
INSERT INTO `detalle_pagos` VALUES (23, 1, 12, 'Saldo Cuota:#12', 2219.24, 0.00, 0.00, 0.00, 0.00, 0.00, 0.00);
INSERT INTO `detalle_pagos` VALUES (24, 1, 1, 'Saldo Cuota:#1', 4150.44, 525.00, 0.00, 0.00, 0.00, 0.00, 0.00);
INSERT INTO `detalle_pagos` VALUES (24, 1, 2, 'Saldo Cuota:#2', 4212.70, 462.74, 0.00, 0.00, 0.00, 0.00, 0.00);
INSERT INTO `detalle_pagos` VALUES (24, 1, 3, 'Saldo Cuota:#3', 4275.89, 399.55, 0.00, 0.00, 0.00, 0.00, 0.00);
INSERT INTO `detalle_pagos` VALUES (24, 1, 4, 'Abono Cuota:#4', 638.27, 335.41, 0.00, 0.00, 0.00, 0.00, 0.00);
INSERT INTO `detalle_pagos` VALUES (25, 1, 1, 'Saldo Cuota:#1', 332.48, 187.50, 0.00, 0.00, 0.00, 0.00, 0.00);
INSERT INTO `detalle_pagos` VALUES (25, 1, 2, 'Saldo Cuota:#2', 336.64, 183.34, 0.00, 0.00, 0.00, 0.00, 0.00);
INSERT INTO `detalle_pagos` VALUES (25, 1, 3, 'Saldo Cuota:#3', 340.84, 179.14, 0.00, 0.00, 0.00, 0.00, 0.00);
INSERT INTO `detalle_pagos` VALUES (25, 1, 4, 'Saldo Cuota:#4', 345.10, 174.88, 0.00, 0.00, 0.00, 0.00, 0.00);
INSERT INTO `detalle_pagos` VALUES (25, 1, 5, 'Saldo Cuota:#5', 349.42, 170.56, 0.00, 0.00, 0.00, 0.00, 0.00);
INSERT INTO `detalle_pagos` VALUES (25, 1, 6, 'Saldo Cuota:#6', 353.79, 166.19, 0.00, 0.00, 0.00, 0.00, 0.00);
INSERT INTO `detalle_pagos` VALUES (25, 1, 7, 'Saldo Cuota:#7', 358.21, 161.77, 0.00, 0.00, 0.00, 0.00, 0.00);
INSERT INTO `detalle_pagos` VALUES (25, 1, 8, 'Saldo Cuota:#8', 362.69, 157.29, 0.00, 0.00, 0.00, 0.00, 0.00);
INSERT INTO `detalle_pagos` VALUES (25, 1, 9, 'Saldo Cuota:#9', 367.22, 152.76, 0.00, 0.00, 0.00, 0.00, 0.00);
INSERT INTO `detalle_pagos` VALUES (25, 1, 10, 'Saldo Cuota:#10', 371.81, 148.17, 0.00, 0.00, 0.00, 0.00, 0.00);
INSERT INTO `detalle_pagos` VALUES (25, 1, 11, 'Saldo Cuota:#11', 376.46, 143.52, 0.00, 0.00, 0.00, 0.00, 0.00);
INSERT INTO `detalle_pagos` VALUES (25, 1, 12, 'Saldo Cuota:#12', 381.16, 138.82, 0.00, 0.00, 0.00, 0.00, 0.00);
INSERT INTO `detalle_pagos` VALUES (25, 1, 13, 'Saldo Cuota:#13', 385.93, 134.05, 0.00, 0.00, 0.00, 0.00, 0.00);
INSERT INTO `detalle_pagos` VALUES (25, 1, 14, 'Saldo Cuota:#14', 390.75, 129.23, 0.00, 0.00, 0.00, 0.00, 0.00);
INSERT INTO `detalle_pagos` VALUES (25, 1, 15, 'Saldo Cuota:#15', 395.64, 124.34, 0.00, 0.00, 0.00, 0.00, 0.00);
INSERT INTO `detalle_pagos` VALUES (25, 1, 16, 'Saldo Cuota:#16', 400.58, 119.40, 0.00, 0.00, 0.00, 0.00, 0.00);
INSERT INTO `detalle_pagos` VALUES (25, 1, 17, 'Saldo Cuota:#17', 405.59, 114.39, 0.00, 0.00, 0.00, 0.00, 0.00);
INSERT INTO `detalle_pagos` VALUES (25, 1, 18, 'Saldo Cuota:#18', 410.66, 109.32, 0.00, 0.00, 0.00, 0.00, 0.00);
INSERT INTO `detalle_pagos` VALUES (25, 1, 19, 'Saldo Cuota:#19', 415.79, 104.19, 0.00, 0.00, 0.00, 0.00, 0.00);
INSERT INTO `detalle_pagos` VALUES (25, 1, 20, 'Saldo Cuota:#20', 420.99, 98.99, 0.00, 0.00, 0.00, 0.00, 0.00);
INSERT INTO `detalle_pagos` VALUES (25, 1, 21, 'Saldo Cuota:#21', 426.25, 93.73, 0.00, 0.00, 0.00, 0.00, 0.00);
INSERT INTO `detalle_pagos` VALUES (25, 1, 22, 'Saldo Cuota:#22', 431.58, 88.40, 0.00, 0.00, 0.00, 0.00, 0.00);
INSERT INTO `detalle_pagos` VALUES (25, 1, 23, 'Saldo Cuota:#23', 436.97, 83.01, 0.00, 0.00, 0.00, 0.00, 0.00);
INSERT INTO `detalle_pagos` VALUES (25, 1, 24, 'Saldo Cuota:#24', 442.44, 77.54, 0.00, 0.00, 0.00, 0.00, 0.00);
INSERT INTO `detalle_pagos` VALUES (25, 1, 25, 'Saldo Cuota:#25', 447.97, 72.01, 0.00, 0.00, 0.00, 0.00, 0.00);
INSERT INTO `detalle_pagos` VALUES (25, 1, 26, 'Saldo Cuota:#26', 453.57, 66.41, 0.00, 0.00, 0.00, 0.00, 0.00);
INSERT INTO `detalle_pagos` VALUES (25, 1, 27, 'Saldo Cuota:#27', 459.24, 60.74, 0.00, 0.00, 0.00, 0.00, 0.00);
INSERT INTO `detalle_pagos` VALUES (25, 1, 28, 'Saldo Cuota:#28', 464.98, 55.00, 0.00, 0.00, 0.00, 0.00, 0.00);
INSERT INTO `detalle_pagos` VALUES (25, 1, 29, 'Saldo Cuota:#29', 470.79, 49.19, 0.00, 0.00, 0.00, 0.00, 0.00);
INSERT INTO `detalle_pagos` VALUES (25, 1, 30, 'Saldo Cuota:#30', 476.67, 43.31, 0.00, 0.00, 0.00, 0.00, 0.00);
INSERT INTO `detalle_pagos` VALUES (25, 1, 31, 'Saldo Cuota:#31', 482.63, 37.35, 0.00, 0.00, 0.00, 0.00, 0.00);
INSERT INTO `detalle_pagos` VALUES (25, 1, 32, 'Saldo Cuota:#32', 488.67, 31.31, 0.00, 0.00, 0.00, 0.00, 0.00);
INSERT INTO `detalle_pagos` VALUES (25, 1, 33, 'Saldo Cuota:#33', 494.77, 25.21, 0.00, 0.00, 0.00, 0.00, 0.00);
INSERT INTO `detalle_pagos` VALUES (25, 1, 34, 'Saldo Cuota:#34', 500.96, 19.02, 0.00, 0.00, 0.00, 0.00, 0.00);
INSERT INTO `detalle_pagos` VALUES (25, 1, 35, 'Saldo Cuota:#35', 507.22, 12.76, 0.00, 0.00, 0.00, 0.00, 0.00);
INSERT INTO `detalle_pagos` VALUES (25, 1, 36, 'Saldo Cuota:#36', 513.56, 6.42, 0.00, 0.00, 0.00, 0.00, 0.00);
INSERT INTO `detalle_pagos` VALUES (26, 1, 1, 'Saldo Cuota:#1', 742.85, 200.00, 0.00, 0.00, 0.00, 0.00, 0.00);
INSERT INTO `detalle_pagos` VALUES (26, 1, 2, 'Saldo Cuota:#2', 752.75, 190.10, 0.00, 0.00, 0.00, 0.00, 0.00);
INSERT INTO `detalle_pagos` VALUES (26, 1, 3, 'Saldo Cuota:#3', 762.79, 180.06, 0.00, 0.00, 0.00, 0.00, 0.00);
INSERT INTO `detalle_pagos` VALUES (26, 1, 4, 'Saldo Cuota:#4', 772.96, 169.89, 0.00, 0.00, 0.00, 0.00, 0.00);
INSERT INTO `detalle_pagos` VALUES (26, 1, 5, 'Saldo Cuota:#5', 783.27, 159.58, 0.00, 0.00, 0.00, 0.00, 0.00);
INSERT INTO `detalle_pagos` VALUES (26, 1, 6, 'Saldo Cuota:#6', 793.71, 149.14, 0.00, 0.00, 0.00, 0.00, 0.00);
INSERT INTO `detalle_pagos` VALUES (26, 1, 7, 'Saldo Cuota:#7', 804.29, 138.56, 0.00, 0.00, 0.00, 0.00, 0.00);
INSERT INTO `detalle_pagos` VALUES (26, 1, 8, 'Saldo Cuota:#8', 815.02, 127.83, 0.00, 0.00, 0.00, 0.00, 0.00);
INSERT INTO `detalle_pagos` VALUES (26, 1, 9, 'Saldo Cuota:#9', 825.89, 116.96, 0.00, 0.00, 0.00, 0.00, 0.00);
INSERT INTO `detalle_pagos` VALUES (26, 1, 10, 'Saldo Cuota:#10', 836.90, 105.95, 0.00, 0.00, 0.00, 0.00, 0.00);
INSERT INTO `detalle_pagos` VALUES (26, 1, 11, 'Saldo Cuota:#11', 848.06, 94.79, 0.00, 0.00, 0.00, 0.00, 0.00);
INSERT INTO `detalle_pagos` VALUES (26, 1, 12, 'Saldo Cuota:#12', 859.36, 83.49, 0.00, 0.00, 0.00, 0.00, 0.00);
INSERT INTO `detalle_pagos` VALUES (26, 1, 13, 'Saldo Cuota:#13', 870.82, 72.03, 0.00, 0.00, 0.00, 0.00, 0.00);
INSERT INTO `detalle_pagos` VALUES (26, 1, 14, 'Saldo Cuota:#14', 882.43, 60.42, 0.00, 0.00, 0.00, 0.00, 0.00);
INSERT INTO `detalle_pagos` VALUES (26, 1, 15, 'Saldo Cuota:#15', 894.20, 48.65, 0.00, 0.00, 0.00, 0.00, 0.00);
INSERT INTO `detalle_pagos` VALUES (26, 1, 16, 'Saldo Cuota:#16', 906.12, 36.73, 0.00, 0.00, 0.00, 0.00, 0.00);
INSERT INTO `detalle_pagos` VALUES (26, 1, 17, 'Saldo Cuota:#17', 918.20, 24.65, 0.00, 0.00, 0.00, 0.00, 0.00);
INSERT INTO `detalle_pagos` VALUES (26, 1, 18, 'Saldo Cuota:#18', 930.45, 12.40, 0.00, 0.00, 0.00, 0.00, 0.00);
INSERT INTO `detalle_pagos` VALUES (27, 1, 1, 'Saldo Cuota:#1', 742.85, 200.00, 0.00, 0.00, 0.00, 0.00, 0.00);
INSERT INTO `detalle_pagos` VALUES (27, 1, 2, 'Saldo Cuota:#2', 752.75, 190.10, 0.00, 0.00, 0.00, 0.00, 0.00);
INSERT INTO `detalle_pagos` VALUES (27, 1, 3, 'Saldo Cuota:#3', 762.79, 180.06, 0.00, 0.00, 0.00, 0.00, 0.00);
INSERT INTO `detalle_pagos` VALUES (27, 1, 4, 'Saldo Cuota:#4', 772.96, 169.89, 0.00, 0.00, 0.00, 0.00, 0.00);
INSERT INTO `detalle_pagos` VALUES (27, 1, 5, 'Saldo Cuota:#5', 783.27, 159.58, 0.00, 0.00, 0.00, 0.00, 0.00);
INSERT INTO `detalle_pagos` VALUES (27, 1, 6, 'Saldo Cuota:#6', 793.71, 149.14, 0.00, 0.00, 0.00, 0.00, 0.00);
INSERT INTO `detalle_pagos` VALUES (27, 1, 7, 'Saldo Cuota:#7', 804.29, 138.56, 0.00, 0.00, 0.00, 0.00, 0.00);
INSERT INTO `detalle_pagos` VALUES (27, 1, 8, 'Saldo Cuota:#8', 815.02, 127.83, 0.00, 0.00, 0.00, 0.00, 0.00);
INSERT INTO `detalle_pagos` VALUES (27, 1, 9, 'Saldo Cuota:#9', 825.89, 116.96, 0.00, 0.00, 0.00, 0.00, 0.00);
INSERT INTO `detalle_pagos` VALUES (27, 1, 10, 'Saldo Cuota:#10', 836.90, 105.95, 0.00, 0.00, 0.00, 0.00, 0.00);
INSERT INTO `detalle_pagos` VALUES (27, 1, 11, 'Saldo Cuota:#11', 848.06, 94.79, 0.00, 0.00, 0.00, 0.00, 0.00);
INSERT INTO `detalle_pagos` VALUES (27, 1, 12, 'Saldo Cuota:#12', 859.36, 83.49, 0.00, 0.00, 0.00, 0.00, 0.00);
INSERT INTO `detalle_pagos` VALUES (27, 1, 13, 'Saldo Cuota:#13', 870.82, 72.03, 0.00, 0.00, 0.00, 0.00, 0.00);
INSERT INTO `detalle_pagos` VALUES (27, 1, 14, 'Saldo Cuota:#14', 882.43, 60.42, 0.00, 0.00, 0.00, 0.00, 0.00);
INSERT INTO `detalle_pagos` VALUES (27, 1, 15, 'Saldo Cuota:#15', 894.20, 48.65, 0.00, 0.00, 0.00, 0.00, 0.00);
INSERT INTO `detalle_pagos` VALUES (27, 1, 16, 'Saldo Cuota:#16', 906.12, 36.73, 0.00, 0.00, 0.00, 0.00, 0.00);
INSERT INTO `detalle_pagos` VALUES (27, 1, 17, 'Saldo Cuota:#17', 918.20, 24.65, 0.00, 0.00, 0.00, 0.00, 0.00);
INSERT INTO `detalle_pagos` VALUES (27, 1, 18, 'Saldo Cuota:#18', 930.45, 12.40, 0.00, 0.00, 0.00, 0.00, 0.00);
INSERT INTO `detalle_pagos` VALUES (28, 1, 1, 'Saldo Cuota:#1', 5561.02, 1500.00, 0.00, 0.00, 0.00, 0.00, 0.00);
INSERT INTO `detalle_pagos` VALUES (28, 1, 2, 'Saldo Cuota:#2', 5616.63, 1444.39, 0.00, 0.00, 0.00, 0.00, 0.00);
INSERT INTO `detalle_pagos` VALUES (28, 1, 3, 'Saldo Cuota:#3', 5672.80, 1388.22, 0.00, 0.00, 0.00, 0.00, 0.00);
INSERT INTO `detalle_pagos` VALUES (28, 1, 4, 'Saldo Cuota:#4', 5729.52, 1331.50, 0.00, 0.00, 0.00, 0.00, 0.00);
INSERT INTO `detalle_pagos` VALUES (28, 1, 5, 'Saldo Cuota:#5', 5786.82, 1274.20, 0.00, 0.00, 0.00, 0.00, 0.00);
INSERT INTO `detalle_pagos` VALUES (28, 1, 6, 'Saldo Cuota:#6', 5844.69, 1216.33, 0.00, 0.00, 0.00, 0.00, 0.00);
INSERT INTO `detalle_pagos` VALUES (28, 1, 7, 'Saldo Cuota:#7', 5903.13, 1157.89, 0.00, 0.00, 0.00, 0.00, 0.00);
INSERT INTO `detalle_pagos` VALUES (28, 1, 8, 'Saldo Cuota:#8', 5962.17, 1098.85, 0.00, 0.00, 0.00, 0.00, 0.00);
INSERT INTO `detalle_pagos` VALUES (28, 1, 9, 'Saldo Cuota:#9', 6021.79, 1039.23, 0.00, 0.00, 0.00, 0.00, 0.00);
INSERT INTO `detalle_pagos` VALUES (28, 1, 10, 'Saldo Cuota:#10', 6082.01, 979.01, 0.00, 0.00, 0.00, 0.00, 0.00);
INSERT INTO `detalle_pagos` VALUES (28, 1, 11, 'Saldo Cuota:#11', 6142.83, 918.19, 0.00, 0.00, 0.00, 0.00, 0.00);
INSERT INTO `detalle_pagos` VALUES (28, 1, 12, 'Saldo Cuota:#12', 6204.25, 856.77, 0.00, 0.00, 0.00, 0.00, 0.00);
INSERT INTO `detalle_pagos` VALUES (28, 1, 13, 'Saldo Cuota:#13', 6266.30, 794.72, 0.00, 0.00, 0.00, 0.00, 0.00);
INSERT INTO `detalle_pagos` VALUES (28, 1, 14, 'Saldo Cuota:#14', 6328.96, 732.06, 0.00, 0.00, 0.00, 0.00, 0.00);
INSERT INTO `detalle_pagos` VALUES (28, 1, 15, 'Saldo Cuota:#15', 6392.25, 668.77, 0.00, 0.00, 0.00, 0.00, 0.00);
INSERT INTO `detalle_pagos` VALUES (28, 1, 16, 'Saldo Cuota:#16', 6456.17, 604.85, 0.00, 0.00, 0.00, 0.00, 0.00);
INSERT INTO `detalle_pagos` VALUES (28, 1, 17, 'Saldo Cuota:#17', 6520.73, 540.29, 0.00, 0.00, 0.00, 0.00, 0.00);
INSERT INTO `detalle_pagos` VALUES (28, 1, 18, 'Saldo Cuota:#18', 6585.94, 475.08, 0.00, 0.00, 0.00, 0.00, 0.00);
INSERT INTO `detalle_pagos` VALUES (28, 1, 19, 'Saldo Cuota:#19', 6651.80, 409.22, 0.00, 0.00, 0.00, 0.00, 0.00);
INSERT INTO `detalle_pagos` VALUES (28, 1, 20, 'Saldo Cuota:#20', 6718.32, 342.70, 0.00, 0.00, 0.00, 0.00, 0.00);
INSERT INTO `detalle_pagos` VALUES (28, 1, 21, 'Saldo Cuota:#21', 6785.50, 275.52, 0.00, 0.00, 0.00, 0.00, 0.00);
INSERT INTO `detalle_pagos` VALUES (28, 1, 22, 'Saldo Cuota:#22', 6853.36, 207.66, 0.00, 0.00, 0.00, 0.00, 0.00);
INSERT INTO `detalle_pagos` VALUES (28, 1, 23, 'Saldo Cuota:#23', 6921.89, 139.13, 0.00, 0.00, 0.00, 0.00, 0.00);
INSERT INTO `detalle_pagos` VALUES (28, 1, 24, 'Saldo Cuota:#24', 6991.11, 69.91, 0.00, 0.00, 0.00, 0.00, 0.00);
INSERT INTO `detalle_pagos` VALUES (29, 1, 4, 'Saldo Cuota:#4', 3701.76, 0.00, 0.00, 0.00, 0.00, 0.00, 0.00);
INSERT INTO `detalle_pagos` VALUES (29, 1, 5, 'Saldo Cuota:#5', 4405.13, 270.31, 0.00, 0.00, 0.00, 0.00, 0.00);
INSERT INTO `detalle_pagos` VALUES (29, 1, 6, 'Saldo Cuota:#6', 4471.20, 204.24, 0.00, 0.00, 0.00, 0.00, 0.00);
INSERT INTO `detalle_pagos` VALUES (29, 1, 7, 'Saldo Cuota:#7', 4538.27, 137.17, 0.00, 0.00, 0.00, 0.00, 0.00);
INSERT INTO `detalle_pagos` VALUES (29, 1, 8, 'Saldo Cuota:#8', 4606.34, 69.10, 0.00, 0.00, 0.00, 0.00, 0.00);
INSERT INTO `detalle_pagos` VALUES (30, 1, 1, 'Saldo Cuota:#1', 5804.81, 1000.00, 0.00, 0.00, 0.00, 0.00, 0.00);
INSERT INTO `detalle_pagos` VALUES (30, 1, 2, 'Saldo Cuota:#2', 5882.21, 922.60, 0.00, 0.00, 0.00, 0.00, 0.00);
INSERT INTO `detalle_pagos` VALUES (30, 1, 3, 'Saldo Cuota:#3', 5960.64, 844.17, 0.00, 0.00, 0.00, 0.00, 0.00);
INSERT INTO `detalle_pagos` VALUES (30, 1, 4, 'Saldo Cuota:#4', 6040.11, 764.70, 0.00, 0.00, 0.00, 0.00, 0.00);
INSERT INTO `detalle_pagos` VALUES (30, 1, 5, 'Saldo Cuota:#5', 6120.65, 684.16, 0.00, 0.00, 0.00, 0.00, 0.00);
INSERT INTO `detalle_pagos` VALUES (30, 1, 6, 'Saldo Cuota:#6', 6202.26, 602.55, 0.00, 0.00, 0.00, 0.00, 0.00);
INSERT INTO `detalle_pagos` VALUES (30, 1, 7, 'Saldo Cuota:#7', 6284.95, 519.86, 0.00, 0.00, 0.00, 0.00, 0.00);
INSERT INTO `detalle_pagos` VALUES (30, 1, 8, 'Saldo Cuota:#8', 6368.75, 436.06, 0.00, 0.00, 0.00, 0.00, 0.00);
INSERT INTO `detalle_pagos` VALUES (30, 1, 9, 'Saldo Cuota:#9', 6453.67, 351.14, 0.00, 0.00, 0.00, 0.00, 0.00);
INSERT INTO `detalle_pagos` VALUES (30, 1, 10, 'Saldo Cuota:#10', 6539.72, 265.09, 0.00, 0.00, 0.00, 0.00, 0.00);
INSERT INTO `detalle_pagos` VALUES (30, 1, 11, 'Saldo Cuota:#11', 6626.91, 177.90, 0.00, 0.00, 0.00, 0.00, 0.00);
INSERT INTO `detalle_pagos` VALUES (30, 1, 12, 'Saldo Cuota:#12', 6715.27, 89.54, 0.00, 0.00, 0.00, 0.00, 0.00);
INSERT INTO `detalle_pagos` VALUES (31, 1, 1, 'Saldo Cuota:#1', 2729.88, 600.00, 0.00, 0.00, 0.00, 0.00, 0.00);
INSERT INTO `detalle_pagos` VALUES (31, 1, 2, 'Saldo Cuota:#2', 2766.28, 563.60, 0.00, 0.00, 0.00, 0.00, 0.00);
INSERT INTO `detalle_pagos` VALUES (31, 1, 3, 'Saldo Cuota:#3', 2803.16, 526.72, 0.00, 0.00, 0.00, 0.00, 0.00);
INSERT INTO `detalle_pagos` VALUES (31, 1, 4, 'Saldo Cuota:#4', 2840.54, 489.34, 0.00, 0.00, 0.00, 0.00, 0.00);
INSERT INTO `detalle_pagos` VALUES (31, 1, 5, 'Saldo Cuota:#5', 2878.41, 451.47, 0.00, 0.00, 0.00, 0.00, 0.00);
INSERT INTO `detalle_pagos` VALUES (31, 1, 6, 'Saldo Cuota:#6', 2916.79, 413.09, 0.00, 0.00, 0.00, 0.00, 0.00);
INSERT INTO `detalle_pagos` VALUES (31, 1, 7, 'Saldo Cuota:#7', 2955.68, 374.20, 0.00, 0.00, 0.00, 0.00, 0.00);
INSERT INTO `detalle_pagos` VALUES (31, 1, 8, 'Saldo Cuota:#8', 2995.09, 334.79, 0.00, 0.00, 0.00, 0.00, 0.00);
INSERT INTO `detalle_pagos` VALUES (31, 1, 9, 'Saldo Cuota:#9', 3035.02, 294.86, 0.00, 0.00, 0.00, 0.00, 0.00);
INSERT INTO `detalle_pagos` VALUES (31, 1, 10, 'Saldo Cuota:#10', 3075.49, 254.39, 0.00, 0.00, 0.00, 0.00, 0.00);
INSERT INTO `detalle_pagos` VALUES (31, 1, 11, 'Saldo Cuota:#11', 3116.50, 213.38, 0.00, 0.00, 0.00, 0.00, 0.00);
INSERT INTO `detalle_pagos` VALUES (31, 1, 12, 'Saldo Cuota:#12', 3158.05, 171.83, 0.00, 0.00, 0.00, 0.00, 0.00);
INSERT INTO `detalle_pagos` VALUES (31, 1, 13, 'Saldo Cuota:#13', 3200.16, 129.72, 0.00, 0.00, 0.00, 0.00, 0.00);
INSERT INTO `detalle_pagos` VALUES (31, 1, 14, 'Saldo Cuota:#14', 3242.83, 87.05, 0.00, 0.00, 0.00, 0.00, 0.00);
INSERT INTO `detalle_pagos` VALUES (31, 1, 15, 'Saldo Cuota:#15', 3286.07, 43.81, 0.00, 0.00, 0.00, 0.00, 0.00);
INSERT INTO `detalle_pagos` VALUES (32, 1, 1, 'Saldo Cuota:#1', 1745.97, 437.50, 0.00, 0.00, 0.00, 0.00, 0.00);
INSERT INTO `detalle_pagos` VALUES (32, 1, 2, 'Saldo Cuota:#2', 1767.79, 415.68, 0.00, 0.00, 0.00, 0.00, 0.00);
INSERT INTO `detalle_pagos` VALUES (32, 1, 3, 'Saldo Cuota:#3', 1789.89, 393.58, 0.00, 0.00, 0.00, 0.00, 0.00);
INSERT INTO `detalle_pagos` VALUES (32, 1, 4, 'Saldo Cuota:#4', 1812.27, 371.20, 0.00, 0.00, 0.00, 0.00, 0.00);
INSERT INTO `detalle_pagos` VALUES (32, 1, 5, 'Saldo Cuota:#5', 1834.92, 348.55, 0.00, 0.00, 0.00, 0.00, 0.00);
INSERT INTO `detalle_pagos` VALUES (32, 1, 6, 'Saldo Cuota:#6', 1857.86, 325.61, 0.00, 0.00, 0.00, 0.00, 0.00);
INSERT INTO `detalle_pagos` VALUES (32, 1, 7, 'Saldo Cuota:#7', 1881.08, 302.39, 0.00, 0.00, 0.00, 0.00, 0.00);
INSERT INTO `detalle_pagos` VALUES (32, 1, 8, 'Saldo Cuota:#8', 1904.59, 278.88, 0.00, 0.00, 0.00, 0.00, 0.00);
INSERT INTO `detalle_pagos` VALUES (32, 1, 9, 'Saldo Cuota:#9', 1928.40, 255.07, 0.00, 0.00, 0.00, 0.00, 0.00);
INSERT INTO `detalle_pagos` VALUES (32, 1, 10, 'Saldo Cuota:#10', 1952.50, 230.97, 0.00, 0.00, 0.00, 0.00, 0.00);
INSERT INTO `detalle_pagos` VALUES (32, 1, 11, 'Saldo Cuota:#11', 1976.91, 206.56, 0.00, 0.00, 0.00, 0.00, 0.00);
INSERT INTO `detalle_pagos` VALUES (32, 1, 12, 'Saldo Cuota:#12', 2001.62, 181.85, 0.00, 0.00, 0.00, 0.00, 0.00);
INSERT INTO `detalle_pagos` VALUES (32, 1, 13, 'Saldo Cuota:#13', 2026.64, 156.83, 0.00, 0.00, 0.00, 0.00, 0.00);
INSERT INTO `detalle_pagos` VALUES (32, 1, 14, 'Saldo Cuota:#14', 2051.98, 131.49, 0.00, 0.00, 0.00, 0.00, 0.00);
INSERT INTO `detalle_pagos` VALUES (32, 1, 15, 'Saldo Cuota:#15', 2077.63, 105.84, 0.00, 0.00, 0.00, 0.00, 0.00);
INSERT INTO `detalle_pagos` VALUES (32, 1, 16, 'Saldo Cuota:#16', 2103.60, 79.87, 0.00, 0.00, 0.00, 0.00, 0.00);
INSERT INTO `detalle_pagos` VALUES (32, 1, 17, 'Saldo Cuota:#17', 2129.89, 53.58, 0.00, 0.00, 0.00, 0.00, 0.00);
INSERT INTO `detalle_pagos` VALUES (32, 1, 18, 'Saldo Cuota:#18', 2156.51, 26.96, 0.00, 0.00, 0.00, 0.00, 0.00);
INSERT INTO `detalle_pagos` VALUES (33, 1, 1, 'Saldo Cuota:#1', 1943.96, 312.50, 0.00, 0.00, 0.00, 0.00, 0.00);
INSERT INTO `detalle_pagos` VALUES (33, 1, 2, 'Saldo Cuota:#2', 1968.26, 288.20, 0.00, 0.00, 0.00, 0.00, 0.00);
INSERT INTO `detalle_pagos` VALUES (33, 1, 3, 'Saldo Cuota:#3', 1992.86, 263.60, 0.00, 0.00, 0.00, 0.00, 0.00);
INSERT INTO `detalle_pagos` VALUES (33, 1, 4, 'Saldo Cuota:#4', 2017.77, 238.69, 0.00, 0.00, 0.00, 0.00, 0.00);
INSERT INTO `detalle_pagos` VALUES (33, 1, 5, 'Saldo Cuota:#5', 2043.00, 213.46, 0.00, 0.00, 0.00, 0.00, 0.00);
INSERT INTO `detalle_pagos` VALUES (33, 1, 6, 'Saldo Cuota:#6', 2068.53, 187.93, 0.00, 0.00, 0.00, 0.00, 0.00);
INSERT INTO `detalle_pagos` VALUES (33, 1, 7, 'Saldo Cuota:#7', 2094.39, 162.07, 0.00, 0.00, 0.00, 0.00, 0.00);
INSERT INTO `detalle_pagos` VALUES (33, 1, 8, 'Saldo Cuota:#8', 2120.57, 135.89, 0.00, 0.00, 0.00, 0.00, 0.00);
INSERT INTO `detalle_pagos` VALUES (33, 1, 9, 'Saldo Cuota:#9', 2147.08, 109.38, 0.00, 0.00, 0.00, 0.00, 0.00);
INSERT INTO `detalle_pagos` VALUES (33, 1, 10, 'Saldo Cuota:#10', 2173.92, 82.54, 0.00, 0.00, 0.00, 0.00, 0.00);
INSERT INTO `detalle_pagos` VALUES (33, 1, 11, 'Saldo Cuota:#11', 2201.09, 55.37, 0.00, 0.00, 0.00, 0.00, 0.00);
INSERT INTO `detalle_pagos` VALUES (33, 1, 12, 'Saldo Cuota:#12', 2228.60, 27.86, 0.00, 0.00, 0.00, 0.00, 0.00);
INSERT INTO `detalle_pagos` VALUES (34, 1, 1, 'Saldo Cuota:#1', 1269.94, 260.42, 0.00, 0.00, 0.00, 0.00, 0.00);
INSERT INTO `detalle_pagos` VALUES (34, 1, 2, 'Saldo Cuota:#2', 1283.17, 247.19, 0.00, 0.00, 0.00, 0.00, 0.00);
INSERT INTO `detalle_pagos` VALUES (34, 1, 3, 'Saldo Cuota:#3', 1296.54, 233.82, 0.00, 0.00, 0.00, 0.00, 0.00);
INSERT INTO `detalle_pagos` VALUES (34, 1, 4, 'Saldo Cuota:#4', 1310.04, 220.32, 0.00, 0.00, 0.00, 0.00, 0.00);
INSERT INTO `detalle_pagos` VALUES (34, 1, 5, 'Saldo Cuota:#5', 1323.69, 206.67, 0.00, 0.00, 0.00, 0.00, 0.00);
INSERT INTO `detalle_pagos` VALUES (34, 1, 6, 'Saldo Cuota:#6', 1337.48, 192.88, 0.00, 0.00, 0.00, 0.00, 0.00);
INSERT INTO `detalle_pagos` VALUES (34, 1, 7, 'Saldo Cuota:#7', 1351.41, 178.95, 0.00, 0.00, 0.00, 0.00, 0.00);
INSERT INTO `detalle_pagos` VALUES (34, 1, 8, 'Saldo Cuota:#8', 1365.49, 164.87, 0.00, 0.00, 0.00, 0.00, 0.00);
INSERT INTO `detalle_pagos` VALUES (34, 1, 9, 'Saldo Cuota:#9', 1379.71, 150.65, 0.00, 0.00, 0.00, 0.00, 0.00);
INSERT INTO `detalle_pagos` VALUES (34, 1, 10, 'Saldo Cuota:#10', 1394.08, 136.28, 0.00, 0.00, 0.00, 0.00, 0.00);
INSERT INTO `detalle_pagos` VALUES (34, 1, 11, 'Saldo Cuota:#11', 1408.61, 121.75, 0.00, 0.00, 0.00, 0.00, 0.00);
INSERT INTO `detalle_pagos` VALUES (34, 1, 12, 'Saldo Cuota:#12', 1423.28, 107.08, 0.00, 0.00, 0.00, 0.00, 0.00);
INSERT INTO `detalle_pagos` VALUES (34, 1, 13, 'Saldo Cuota:#13', 1438.10, 92.26, 0.00, 0.00, 0.00, 0.00, 0.00);
INSERT INTO `detalle_pagos` VALUES (34, 1, 14, 'Saldo Cuota:#14', 1453.08, 77.28, 0.00, 0.00, 0.00, 0.00, 0.00);
INSERT INTO `detalle_pagos` VALUES (34, 1, 15, 'Saldo Cuota:#15', 1468.22, 62.14, 0.00, 0.00, 0.00, 0.00, 0.00);
INSERT INTO `detalle_pagos` VALUES (34, 1, 16, 'Saldo Cuota:#16', 1483.51, 46.85, 0.00, 0.00, 0.00, 0.00, 0.00);
INSERT INTO `detalle_pagos` VALUES (34, 1, 17, 'Saldo Cuota:#17', 1498.97, 31.39, 0.00, 0.00, 0.00, 0.00, 0.00);
INSERT INTO `detalle_pagos` VALUES (34, 1, 18, 'Saldo Cuota:#18', 1514.58, 15.78, 0.00, 0.00, 0.00, 0.00, 0.00);
INSERT INTO `detalle_pagos` VALUES (35, 1, 1, 'Saldo Cuota:#1', 1166.37, 187.50, 0.00, 0.00, 0.00, 0.00, 0.00);
INSERT INTO `detalle_pagos` VALUES (35, 1, 2, 'Saldo Cuota:#2', 1180.95, 172.92, 0.00, 0.00, 0.00, 0.00, 0.00);
INSERT INTO `detalle_pagos` VALUES (35, 1, 3, 'Saldo Cuota:#3', 1195.71, 158.16, 0.00, 0.00, 0.00, 0.00, 0.00);
INSERT INTO `detalle_pagos` VALUES (35, 1, 4, 'Saldo Cuota:#4', 1210.66, 143.21, 0.00, 0.00, 0.00, 0.00, 0.00);
INSERT INTO `detalle_pagos` VALUES (35, 1, 5, 'Saldo Cuota:#5', 1225.79, 128.08, 0.00, 0.00, 0.00, 0.00, 0.00);
INSERT INTO `detalle_pagos` VALUES (35, 1, 6, 'Saldo Cuota:#6', 1241.11, 112.76, 0.00, 0.00, 0.00, 0.00, 0.00);
INSERT INTO `detalle_pagos` VALUES (35, 1, 7, 'Saldo Cuota:#7', 1256.63, 97.24, 0.00, 0.00, 0.00, 0.00, 0.00);
INSERT INTO `detalle_pagos` VALUES (35, 1, 8, 'Saldo Cuota:#8', 1272.34, 81.53, 0.00, 0.00, 0.00, 0.00, 0.00);
INSERT INTO `detalle_pagos` VALUES (35, 1, 9, 'Saldo Cuota:#9', 1288.24, 65.63, 0.00, 0.00, 0.00, 0.00, 0.00);
INSERT INTO `detalle_pagos` VALUES (35, 1, 10, 'Saldo Cuota:#10', 1304.34, 49.53, 0.00, 0.00, 0.00, 0.00, 0.00);
INSERT INTO `detalle_pagos` VALUES (35, 1, 11, 'Saldo Cuota:#11', 1320.65, 33.22, 0.00, 0.00, 0.00, 0.00, 0.00);
INSERT INTO `detalle_pagos` VALUES (35, 1, 12, 'Saldo Cuota:#12', 1337.15, 16.72, 0.00, 0.00, 0.00, 0.00, 0.00);
INSERT INTO `detalle_pagos` VALUES (36, 1, 1, 'Saldo Cuota:#1', 5804.81, 1000.00, 0.00, 0.00, 0.00, 0.00, 0.00);
INSERT INTO `detalle_pagos` VALUES (36, 1, 2, 'Saldo Cuota:#2', 5882.21, 922.60, 0.00, 0.00, 0.00, 0.00, 0.00);
INSERT INTO `detalle_pagos` VALUES (36, 1, 3, 'Saldo Cuota:#3', 5960.64, 844.17, 0.00, 0.00, 0.00, 0.00, 0.00);
INSERT INTO `detalle_pagos` VALUES (36, 1, 4, 'Saldo Cuota:#4', 6040.11, 764.70, 0.00, 0.00, 0.00, 0.00, 0.00);
INSERT INTO `detalle_pagos` VALUES (36, 1, 5, 'Saldo Cuota:#5', 6120.65, 684.16, 0.00, 0.00, 0.00, 0.00, 0.00);
INSERT INTO `detalle_pagos` VALUES (36, 1, 6, 'Saldo Cuota:#6', 6202.26, 602.55, 0.00, 0.00, 0.00, 0.00, 0.00);
INSERT INTO `detalle_pagos` VALUES (36, 1, 7, 'Saldo Cuota:#7', 6284.95, 519.86, 0.00, 0.00, 0.00, 0.00, 0.00);
INSERT INTO `detalle_pagos` VALUES (36, 1, 8, 'Saldo Cuota:#8', 6368.75, 436.06, 0.00, 0.00, 0.00, 0.00, 0.00);
INSERT INTO `detalle_pagos` VALUES (36, 1, 9, 'Saldo Cuota:#9', 6453.67, 351.14, 0.00, 0.00, 0.00, 0.00, 0.00);
INSERT INTO `detalle_pagos` VALUES (36, 1, 10, 'Saldo Cuota:#10', 6539.72, 265.09, 0.00, 0.00, 0.00, 0.00, 0.00);
INSERT INTO `detalle_pagos` VALUES (36, 1, 11, 'Saldo Cuota:#11', 6626.91, 177.90, 0.00, 0.00, 0.00, 0.00, 0.00);
INSERT INTO `detalle_pagos` VALUES (36, 1, 12, 'Saldo Cuota:#12', 6715.27, 89.54, 0.00, 0.00, 0.00, 0.00, 0.00);
INSERT INTO `detalle_pagos` VALUES (37, 1, 1, 'Saldo Cuota:#1', 0.00, 187.50, 0.00, 0.00, 0.00, 0.00, 0.00);
INSERT INTO `detalle_pagos` VALUES (37, 1, 2, 'Saldo Cuota:#2', 0.00, 187.50, 0.00, 0.00, 0.00, 0.00, 0.00);
INSERT INTO `detalle_pagos` VALUES (37, 1, 3, 'Saldo Cuota:#3', 0.00, 187.50, 0.00, 0.00, 0.00, 0.00, 0.00);
INSERT INTO `detalle_pagos` VALUES (37, 1, 4, 'Saldo Cuota:#4', 0.00, 187.50, 0.00, 0.00, 0.00, 0.00, 0.00);
INSERT INTO `detalle_pagos` VALUES (37, 1, 5, 'Saldo Cuota:#5', 0.00, 187.50, 0.00, 0.00, 0.00, 0.00, 0.00);
INSERT INTO `detalle_pagos` VALUES (37, 1, 6, 'Saldo Cuota:#6', 0.00, 187.50, 0.00, 0.00, 0.00, 0.00, 0.00);
INSERT INTO `detalle_pagos` VALUES (37, 1, 7, 'Saldo Cuota:#7', 0.00, 187.50, 0.00, 0.00, 0.00, 0.00, 0.00);
INSERT INTO `detalle_pagos` VALUES (37, 1, 8, 'Saldo Cuota:#8', 0.00, 187.50, 0.00, 0.00, 0.00, 0.00, 0.00);
INSERT INTO `detalle_pagos` VALUES (37, 1, 9, 'Saldo Cuota:#9', 0.00, 187.50, 0.00, 0.00, 0.00, 0.00, 0.00);
INSERT INTO `detalle_pagos` VALUES (37, 1, 10, 'Saldo Cuota:#10', 0.00, 187.50, 0.00, 0.00, 0.00, 0.00, 0.00);
INSERT INTO `detalle_pagos` VALUES (37, 1, 11, 'Saldo Cuota:#11', 0.00, 187.50, 0.00, 0.00, 0.00, 0.00, 0.00);
INSERT INTO `detalle_pagos` VALUES (37, 1, 12, 'Abono Cuota:#12', 0.00, 67.50, 0.00, 0.00, 0.00, 0.00, 0.00);
INSERT INTO `detalle_pagos` VALUES (38, 1, 12, 'Saldo Cuota:#12', 15000.00, 120.00, 0.00, 0.00, 0.00, 0.00, 0.00);
INSERT INTO `detalle_pagos` VALUES (39, 1, 1, 'Saldo Cuota:#1', 748.27, 187.50, 0.00, 0.00, 0.00, 0.00, 0.00);
INSERT INTO `detalle_pagos` VALUES (39, 1, 2, 'Saldo Cuota:#2', 757.62, 178.15, 0.00, 0.00, 0.00, 0.00, 0.00);
INSERT INTO `detalle_pagos` VALUES (39, 1, 3, 'Saldo Cuota:#3', 767.09, 168.68, 0.00, 0.00, 0.00, 0.00, 0.00);
INSERT INTO `detalle_pagos` VALUES (39, 1, 4, 'Saldo Cuota:#4', 776.68, 159.09, 0.00, 0.00, 0.00, 0.00, 0.00);
INSERT INTO `detalle_pagos` VALUES (39, 1, 5, 'Saldo Cuota:#5', 786.39, 149.38, 0.00, 0.00, 0.00, 0.00, 0.00);
INSERT INTO `detalle_pagos` VALUES (39, 1, 6, 'Abono Cuota:#6', 111.60, 139.55, 0.00, 0.00, 0.00, 0.00, 0.00);
INSERT INTO `detalle_pagos` VALUES (40, 1, 1, 'Saldo Cuota:#1', 523.86, 225.00, 0.00, 0.00, 0.00, 0.00, 0.00);
INSERT INTO `detalle_pagos` VALUES (40, 1, 2, 'Saldo Cuota:#2', 531.72, 217.14, 0.00, 0.00, 0.00, 0.00, 0.00);
INSERT INTO `detalle_pagos` VALUES (40, 1, 3, 'Saldo Cuota:#3', 539.69, 209.17, 0.00, 0.00, 0.00, 0.00, 0.00);
INSERT INTO `detalle_pagos` VALUES (40, 1, 4, 'Saldo Cuota:#4', 547.79, 201.07, 0.00, 0.00, 0.00, 0.00, 0.00);
INSERT INTO `detalle_pagos` VALUES (40, 1, 5, 'Saldo Cuota:#5', 556.01, 192.85, 0.00, 0.00, 0.00, 0.00, 0.00);
INSERT INTO `detalle_pagos` VALUES (40, 1, 6, 'Saldo Cuota:#6', 564.35, 184.51, 0.00, 0.00, 0.00, 0.00, 0.00);
INSERT INTO `detalle_pagos` VALUES (40, 1, 7, 'Saldo Cuota:#7', 572.81, 176.05, 0.00, 0.00, 0.00, 0.00, 0.00);
INSERT INTO `detalle_pagos` VALUES (40, 1, 8, 'Saldo Cuota:#8', 581.40, 167.46, 0.00, 0.00, 0.00, 0.00, 0.00);
INSERT INTO `detalle_pagos` VALUES (40, 1, 9, 'Saldo Cuota:#9', 590.12, 158.74, 0.00, 0.00, 0.00, 0.00, 0.00);
INSERT INTO `detalle_pagos` VALUES (40, 1, 10, 'Saldo Cuota:#10', 598.98, 149.88, 0.00, 0.00, 0.00, 0.00, 0.00);
INSERT INTO `detalle_pagos` VALUES (40, 1, 11, 'Saldo Cuota:#11', 607.96, 140.90, 0.00, 0.00, 0.00, 0.00, 0.00);
INSERT INTO `detalle_pagos` VALUES (40, 1, 12, 'Saldo Cuota:#12', 617.08, 131.78, 0.00, 0.00, 0.00, 0.00, 0.00);
INSERT INTO `detalle_pagos` VALUES (40, 1, 13, 'Saldo Cuota:#13', 626.34, 122.52, 0.00, 0.00, 0.00, 0.00, 0.00);
INSERT INTO `detalle_pagos` VALUES (40, 1, 14, 'Saldo Cuota:#14', 635.73, 113.13, 0.00, 0.00, 0.00, 0.00, 0.00);
INSERT INTO `detalle_pagos` VALUES (40, 1, 15, 'Saldo Cuota:#15', 645.27, 103.59, 0.00, 0.00, 0.00, 0.00, 0.00);
INSERT INTO `detalle_pagos` VALUES (40, 1, 16, 'Saldo Cuota:#16', 654.95, 93.91, 0.00, 0.00, 0.00, 0.00, 0.00);
INSERT INTO `detalle_pagos` VALUES (40, 1, 17, 'Saldo Cuota:#17', 664.77, 84.09, 0.00, 0.00, 0.00, 0.00, 0.00);
INSERT INTO `detalle_pagos` VALUES (40, 1, 18, 'Saldo Cuota:#18', 674.74, 74.12, 0.00, 0.00, 0.00, 0.00, 0.00);
INSERT INTO `detalle_pagos` VALUES (40, 1, 19, 'Saldo Cuota:#19', 684.86, 64.00, 0.00, 0.00, 0.00, 0.00, 0.00);
INSERT INTO `detalle_pagos` VALUES (40, 1, 20, 'Saldo Cuota:#20', 695.14, 53.72, 0.00, 0.00, 0.00, 0.00, 0.00);
INSERT INTO `detalle_pagos` VALUES (40, 1, 21, 'Saldo Cuota:#21', 705.56, 43.30, 0.00, 0.00, 0.00, 0.00, 0.00);
INSERT INTO `detalle_pagos` VALUES (40, 1, 22, 'Saldo Cuota:#22', 716.15, 32.71, 0.00, 0.00, 0.00, 0.00, 0.00);
INSERT INTO `detalle_pagos` VALUES (40, 1, 23, 'Saldo Cuota:#23', 726.89, 21.97, 0.00, 0.00, 0.00, 0.00, 0.00);
INSERT INTO `detalle_pagos` VALUES (40, 1, 24, 'Saldo Cuota:#24', 737.79, 11.07, 0.00, 0.00, 0.00, 0.00, 0.00);
INSERT INTO `detalle_pagos` VALUES (41, 1, 1, 'Saldo Cuota:#1', 1182.73, 150.00, 0.00, 0.00, 0.00, 0.00, 0.00);
INSERT INTO `detalle_pagos` VALUES (41, 1, 2, 'Saldo Cuota:#2', 1194.56, 138.17, 0.00, 0.00, 0.00, 0.00, 0.00);
INSERT INTO `detalle_pagos` VALUES (41, 1, 3, 'Saldo Cuota:#3', 1206.50, 126.23, 0.00, 0.00, 0.00, 0.00, 0.00);
INSERT INTO `detalle_pagos` VALUES (41, 1, 4, 'Saldo Cuota:#4', 1218.57, 114.16, 0.00, 0.00, 0.00, 0.00, 0.00);
INSERT INTO `detalle_pagos` VALUES (41, 1, 5, 'Saldo Cuota:#5', 1230.75, 101.98, 0.00, 0.00, 0.00, 0.00, 0.00);
INSERT INTO `detalle_pagos` VALUES (41, 1, 6, 'Saldo Cuota:#6', 1243.06, 89.67, 0.00, 0.00, 0.00, 0.00, 0.00);
INSERT INTO `detalle_pagos` VALUES (41, 1, 7, 'Saldo Cuota:#7', 1255.49, 77.24, 0.00, 0.00, 0.00, 0.00, 0.00);
INSERT INTO `detalle_pagos` VALUES (41, 1, 8, 'Saldo Cuota:#8', 1268.05, 64.68, 0.00, 0.00, 0.00, 0.00, 0.00);
INSERT INTO `detalle_pagos` VALUES (41, 1, 9, 'Saldo Cuota:#9', 1280.73, 52.00, 0.00, 0.00, 0.00, 0.00, 0.00);
INSERT INTO `detalle_pagos` VALUES (41, 1, 10, 'Saldo Cuota:#10', 1293.53, 39.20, 0.00, 0.00, 0.00, 0.00, 0.00);
INSERT INTO `detalle_pagos` VALUES (41, 1, 11, 'Saldo Cuota:#11', 1306.47, 26.26, 0.00, 0.00, 0.00, 0.00, 0.00);
INSERT INTO `detalle_pagos` VALUES (41, 1, 12, 'Saldo Cuota:#12', 1319.53, 13.20, 0.00, 0.00, 0.00, 0.00, 0.00);
INSERT INTO `detalle_pagos` VALUES (42, 1, 1, 'Saldo Cuota:#1', 2233.50, 1250.00, 0.00, 0.00, 0.00, 0.00, 0.00);
INSERT INTO `detalle_pagos` VALUES (42, 1, 2, 'Saldo Cuota:#2', 2289.34, 1194.16, 0.00, 0.00, 0.00, 0.00, 0.00);
INSERT INTO `detalle_pagos` VALUES (42, 1, 3, 'Saldo Cuota:#3', 2346.57, 1136.93, 0.00, 0.00, 0.00, 0.00, 0.00);
INSERT INTO `detalle_pagos` VALUES (42, 1, 4, 'Abono Cuota:#4', 571.24, 1078.26, 0.00, 0.00, 0.00, 0.00, 0.00);
INSERT INTO `detalle_pagos` VALUES (43, 1, 1, 'Saldo Cuota:#1', 2961.57, 833.33, 0.00, 0.00, 0.00, 0.00, 0.00);
INSERT INTO `detalle_pagos` VALUES (43, 1, 2, 'Saldo Cuota:#2', 3010.93, 783.97, 0.00, 0.00, 0.00, 0.00, 0.00);
INSERT INTO `detalle_pagos` VALUES (43, 1, 3, 'Saldo Cuota:#3', 3061.11, 733.79, 0.00, 0.00, 0.00, 0.00, 0.00);
INSERT INTO `detalle_pagos` VALUES (43, 1, 4, 'Saldo Cuota:#4', 3112.13, 682.77, 0.00, 0.00, 0.00, 0.00, 0.00);
INSERT INTO `detalle_pagos` VALUES (43, 1, 5, 'Saldo Cuota:#5', 3164.00, 630.90, 0.00, 0.00, 0.00, 0.00, 0.00);
INSERT INTO `detalle_pagos` VALUES (43, 1, 6, 'Abono Cuota:#6', 2547.33, 578.17, 0.00, 0.00, 0.00, 0.00, 0.00);
INSERT INTO `detalle_pagos` VALUES (49, 1, 1, 'Saldo Cuota:#1', 2961.57, 833.33, 0.00, 0.00, 0.00, 0.00, 0.00);
INSERT INTO `detalle_pagos` VALUES (49, 1, 2, 'Saldo Cuota:#2', 3010.93, 783.97, 0.00, 0.00, 0.00, 0.00, 0.00);
INSERT INTO `detalle_pagos` VALUES (49, 1, 3, 'Saldo Cuota:#3', 3061.11, 733.79, 0.00, 0.00, 0.00, 0.00, 0.00);
INSERT INTO `detalle_pagos` VALUES (49, 1, 4, 'Abono Cuota:#4', 32.53, 682.77, 0.00, 0.00, 0.00, 0.00, 0.00);
INSERT INTO `detalle_pagos` VALUES (50, 1, 4, 'Saldo Cuota:#4', 3079.60, 0.00, 0.00, 0.00, 0.00, 0.00, 0.00);
INSERT INTO `detalle_pagos` VALUES (50, 1, 5, 'Saldo Cuota:#5', 3164.00, 630.90, 0.00, 0.00, 0.00, 0.00, 0.00);
INSERT INTO `detalle_pagos` VALUES (50, 1, 6, 'Saldo Cuota:#6', 3216.73, 578.17, 0.00, 0.00, 0.00, 0.00, 0.00);
INSERT INTO `detalle_pagos` VALUES (50, 1, 7, 'Abono Cuota:#7', 1306.04, 524.56, 0.00, 0.00, 0.00, 0.00, 0.00);
INSERT INTO `detalle_pagos` VALUES (51, 1, 1, 'Saldo Cuota:#1', 2961.57, 833.33, 0.00, 0.00, 0.00, 0.00, 0.00);
INSERT INTO `detalle_pagos` VALUES (51, 1, 2, 'Saldo Cuota:#2', 3010.93, 783.97, 0.00, 0.00, 0.00, 0.00, 0.00);
INSERT INTO `detalle_pagos` VALUES (51, 1, 3, 'Saldo Cuota:#3', 3061.11, 733.79, 0.00, 0.00, 0.00, 0.00, 0.00);
INSERT INTO `detalle_pagos` VALUES (51, 1, 4, 'Abono Cuota:#4', 32.53, 682.77, 0.00, 0.00, 0.00, 0.00, 0.00);
INSERT INTO `detalle_pagos` VALUES (52, 1, 1, 'Saldo Cuota:#1', 2961.57, 833.33, 0.00, 0.00, 0.00, 0.00, 0.00);
INSERT INTO `detalle_pagos` VALUES (52, 1, 2, 'Saldo Cuota:#2', 3010.93, 783.97, 0.00, 0.00, 0.00, 0.00, 0.00);
INSERT INTO `detalle_pagos` VALUES (52, 1, 3, 'Saldo Cuota:#3', 3061.11, 733.79, 0.00, 0.00, 0.00, 0.00, 0.00);
INSERT INTO `detalle_pagos` VALUES (52, 1, 4, 'Abono Cuota:#4', 32.53, 682.77, 0.00, 0.00, 0.00, 0.00, 0.00);
INSERT INTO `detalle_pagos` VALUES (53, 1, 1, 'Saldo Cuota:#1', 2961.57, 833.33, 0.00, 0.00, 0.00, 0.00, 0.00);
INSERT INTO `detalle_pagos` VALUES (53, 1, 2, 'Saldo Cuota:#2', 3010.93, 783.97, 0.00, 0.00, 0.00, 0.00, 0.00);
INSERT INTO `detalle_pagos` VALUES (53, 1, 3, 'Saldo Cuota:#3', 3061.11, 733.79, 0.00, 0.00, 0.00, 0.00, 0.00);
INSERT INTO `detalle_pagos` VALUES (53, 1, 4, 'Abono Cuota:#4', 32.53, 682.77, 0.00, 0.00, 0.00, 0.00, 0.00);
INSERT INTO `detalle_pagos` VALUES (54, 1, 6, 'Saldo Cuota:#6', 684.62, 0.00, 0.00, 0.00, 0.00, 0.00, 0.00);
INSERT INTO `detalle_pagos` VALUES (54, 1, 7, 'Saldo Cuota:#7', 806.17, 129.60, 0.00, 0.00, 0.00, 0.00, 0.00);
INSERT INTO `detalle_pagos` VALUES (54, 1, 8, 'Saldo Cuota:#8', 816.25, 119.52, 0.00, 0.00, 0.00, 0.00, 0.00);
INSERT INTO `detalle_pagos` VALUES (54, 1, 9, 'Abono Cuota:#9', 0.00, 43.84, 0.00, 0.00, 0.00, 0.00, 0.00);
INSERT INTO `detalle_pagos` VALUES (55, 1, 9, 'Saldo Cuota:#9', 826.45, 65.48, 0.00, 0.00, 0.00, 0.00, 0.00);
INSERT INTO `detalle_pagos` VALUES (55, 1, 10, 'Saldo Cuota:#10', 836.78, 98.99, 0.00, 0.00, 0.00, 0.00, 0.00);
INSERT INTO `detalle_pagos` VALUES (55, 1, 11, 'Saldo Cuota:#11', 847.24, 88.53, 0.00, 0.00, 0.00, 0.00, 0.00);
INSERT INTO `detalle_pagos` VALUES (55, 1, 12, 'Saldo Cuota:#12', 857.83, 77.94, 0.00, 0.00, 0.00, 0.00, 0.00);
INSERT INTO `detalle_pagos` VALUES (55, 1, 13, 'Saldo Cuota:#13', 868.56, 67.21, 0.00, 0.00, 0.00, 0.00, 0.00);
INSERT INTO `detalle_pagos` VALUES (55, 1, 14, 'Saldo Cuota:#14', 879.41, 56.36, 0.00, 0.00, 0.00, 0.00, 0.00);
INSERT INTO `detalle_pagos` VALUES (55, 1, 15, 'Saldo Cuota:#15', 890.41, 45.36, 0.00, 0.00, 0.00, 0.00, 0.00);
INSERT INTO `detalle_pagos` VALUES (55, 1, 16, 'Saldo Cuota:#16', 901.54, 34.23, 0.00, 0.00, 0.00, 0.00, 0.00);
INSERT INTO `detalle_pagos` VALUES (55, 1, 17, 'Saldo Cuota:#17', 912.81, 22.96, 0.00, 0.00, 0.00, 0.00, 0.00);
INSERT INTO `detalle_pagos` VALUES (55, 1, 18, 'Saldo Cuota:#18', 924.22, 11.55, 0.00, 0.00, 0.00, 0.00, 0.00);
INSERT INTO `detalle_pagos` VALUES (56, 1, 1, 'Saldo Cuota:#1', 670.05, 375.00, 0.00, 0.00, 0.00, 0.00, 0.00);
INSERT INTO `detalle_pagos` VALUES (56, 1, 2, 'Saldo Cuota:#2', 686.80, 358.25, 0.00, 0.00, 0.00, 0.00, 0.00);
INSERT INTO `detalle_pagos` VALUES (56, 1, 3, 'Saldo Cuota:#3', 703.97, 341.08, 0.00, 0.00, 0.00, 0.00, 0.00);
INSERT INTO `detalle_pagos` VALUES (56, 1, 4, 'Saldo Cuota:#4', 721.57, 323.48, 0.00, 0.00, 0.00, 0.00, 0.00);
INSERT INTO `detalle_pagos` VALUES (56, 1, 5, 'Saldo Cuota:#5', 739.61, 305.44, 0.00, 0.00, 0.00, 0.00, 0.00);
INSERT INTO `detalle_pagos` VALUES (56, 1, 6, 'Saldo Cuota:#6', 758.10, 286.95, 0.00, 0.00, 0.00, 0.00, 0.00);
INSERT INTO `detalle_pagos` VALUES (56, 1, 7, 'Saldo Cuota:#7', 777.05, 268.00, 0.00, 0.00, 0.00, 0.00, 0.00);
INSERT INTO `detalle_pagos` VALUES (56, 1, 8, 'Saldo Cuota:#8', 796.48, 248.57, 0.00, 0.00, 0.00, 0.00, 0.00);
INSERT INTO `detalle_pagos` VALUES (56, 1, 9, 'Saldo Cuota:#9', 816.39, 228.66, 0.00, 0.00, 0.00, 0.00, 0.00);
INSERT INTO `detalle_pagos` VALUES (56, 1, 10, 'Abono Cuota:#10', 16.30, 208.25, 0.00, 0.00, 0.00, 0.00, 0.00);
INSERT INTO `detalle_pagos` VALUES (57, 1, 1, 'Saldo Cuota:#1', 1746.21, 750.00, 0.00, 0.00, 0.00, 0.00, 0.00);
INSERT INTO `detalle_pagos` VALUES (57, 1, 2, 'Saldo Cuota:#2', 1772.40, 723.81, 0.00, 0.00, 0.00, 0.00, 0.00);
INSERT INTO `detalle_pagos` VALUES (57, 1, 3, 'Abono Cuota:#3', 0.00, 107.58, 0.00, 0.00, 0.00, 0.00, 0.00);

-- ----------------------------
-- Table structure for empresa
-- ----------------------------
DROP TABLE IF EXISTS `empresa`;
CREATE TABLE `empresa`  (
  `id` int(10) NOT NULL AUTO_INCREMENT,
  `nombre` varchar(100) CHARACTER SET utf8 COLLATE utf8_spanish2_ci NULL DEFAULT NULL,
  `eslogan` varchar(100) CHARACTER SET utf8 COLLATE utf8_spanish2_ci NULL DEFAULT NULL,
  `rnc` varchar(40) CHARACTER SET utf8 COLLATE utf8_spanish2_ci NULL DEFAULT NULL,
  `direccion` varchar(100) CHARACTER SET utf8 COLLATE utf8_spanish2_ci NULL DEFAULT NULL,
  `telefonos` varchar(70) CHARACTER SET utf8 COLLATE utf8_spanish2_ci NULL DEFAULT NULL,
  `piepag1` varchar(100) CHARACTER SET utf8 COLLATE utf8_spanish2_ci NULL DEFAULT NULL,
  `piepag2` varchar(100) CHARACTER SET utf8 COLLATE utf8_spanish2_ci NULL DEFAULT NULL,
  `pcapital` int(1) NULL DEFAULT 0,
  `pmora` int(1) NULL DEFAULT 0,
  `email` varchar(100) CHARACTER SET utf8 COLLATE utf8_spanish2_ci NULL DEFAULT NULL,
  `estado` int(1) NULL DEFAULT 1,
  PRIMARY KEY (`id`) USING BTREE,
  INDEX ```nombre```(`nombre`) USING BTREE,
  CONSTRAINT `fk_empresa_empresa_1` FOREIGN KEY (`id`) REFERENCES `codigos` (`empresa_id`) ON DELETE RESTRICT ON UPDATE RESTRICT
) ENGINE = InnoDB AUTO_INCREMENT = 2 CHARACTER SET = utf8 COLLATE = utf8_spanish2_ci ROW_FORMAT = Dynamic;

-- ----------------------------
-- Records of empresa
-- ----------------------------
INSERT INTO `empresa` VALUES (1, 'Vargas Guillen & Asoc, S.R.L', 'Simpre presente', '1-31-364195', 'Calle 1ra,#7,Edif.Empresarial D\'Len, Mod.4,Ens.Romn II Santiago, Rep. Dom.', '829-345-0018', 'Verifique el Prestamos', 'Verifique el recibo', 1, 1, 'mail@gmail.com', 1);

-- ----------------------------
-- Table structure for moras
-- ----------------------------
DROP TABLE IF EXISTS `moras`;
CREATE TABLE `moras`  (
  `id` int(20) NOT NULL AUTO_INCREMENT,
  `empresa_id` int(10) NULL DEFAULT NULL,
  `fecha` varchar(20) CHARACTER SET utf8 COLLATE utf8_spanish2_ci NULL DEFAULT NULL,
  `prestamos_id` int(20) NULL DEFAULT NULL,
  `monto` double(10, 2) NOT NULL,
  `pagado` double(10, 2) NOT NULL,
  PRIMARY KEY (`id`) USING BTREE,
  INDEX `prestamos_id`(`prestamos_id`) USING BTREE,
  INDEX `empresa_id`(`empresa_id`) USING BTREE,
  CONSTRAINT `fk_atrasos_atrasos_122` FOREIGN KEY (`empresa_id`) REFERENCES `empresa` (`id`) ON DELETE RESTRICT ON UPDATE RESTRICT,
  CONSTRAINT `fk_atrasos_atrasos_222` FOREIGN KEY (`prestamos_id`) REFERENCES `prestamos` (`id`) ON DELETE RESTRICT ON UPDATE RESTRICT
) ENGINE = InnoDB AUTO_INCREMENT = 1 CHARACTER SET = utf8 COLLATE = utf8_spanish2_ci ROW_FORMAT = Dynamic;

-- ----------------------------
-- Table structure for pagos
-- ----------------------------
DROP TABLE IF EXISTS `pagos`;
CREATE TABLE `pagos`  (
  `id` int(20) NOT NULL AUTO_INCREMENT,
  `empresa_id` int(10) NULL DEFAULT NULL,
  `prestamos_id` int(20) NULL DEFAULT NULL,
  `notransaccion` varchar(100) CHARACTER SET utf8 COLLATE utf8_spanish2_ci NULL DEFAULT NULL,
  `fecha` varchar(20) CHARACTER SET utf8 COLLATE utf8_spanish2_ci NULL DEFAULT NULL,
  `detalle_pago` text CHARACTER SET utf8 COLLATE utf8_spanish2_ci NULL,
  `tcapital` double(15, 2) NOT NULL,
  `tinteres` double(15, 2) NOT NULL,
  `tseguro` double(15, 2) NOT NULL,
  `totros` double(15, 2) NOT NULL,
  `tmora` double(15, 2) NOT NULL,
  `balance` double(15, 2) NOT NULL,
  `atrasos` double(15, 2) NOT NULL,
  `cobrador_id` int(15) NULL DEFAULT NULL,
  `estado` int(1) NULL DEFAULT 1,
  `fecha_canc` varchar(20) CHARACTER SET utf8 COLLATE utf8_spanish2_ci NULL DEFAULT NULL,
  `motivo` text CHARACTER SET utf8 COLLATE utf8_spanish2_ci NULL,
  `usuario_id` int(10) NULL DEFAULT NULL,
  PRIMARY KEY (`id`) USING BTREE,
  INDEX ```cempresa```(`empresa_id`) USING BTREE,
  INDEX ```codcob```(`cobrador_id`) USING BTREE,
  INDEX `prestamos_id`(`prestamos_id`) USING BTREE,
  INDEX `usuario_id`(`usuario_id`) USING BTREE,
  CONSTRAINT `fk_pagos_pagos_1` FOREIGN KEY (`empresa_id`) REFERENCES `empresa` (`id`) ON DELETE NO ACTION ON UPDATE NO ACTION,
  CONSTRAINT `fk_pagos_pagos_2` FOREIGN KEY (`cobrador_id`) REFERENCES `cobradores` (`id`) ON DELETE NO ACTION ON UPDATE NO ACTION
) ENGINE = InnoDB AUTO_INCREMENT = 58 CHARACTER SET = utf8 COLLATE = utf8_spanish2_ci ROW_FORMAT = Dynamic;

-- ----------------------------
-- Records of pagos
-- ----------------------------
INSERT INTO `pagos` VALUES (6, 1, 6, '0', '04/08/2023', 'Saldo Cuota:#1,Saldo Cuota:#2,Saldo Cuota:#3,Saldo Cuota:#4,Abono Cuota:#5', 5010.13, 789.87, 0.00, 0.00, 0.00, 0.00, 0.00, 13, 1, NULL, NULL, NULL);
INSERT INTO `pagos` VALUES (7, 1, 6, '0', '04/08/2023', 'Saldo Cuota:#5,Saldo Cuota:#6,Saldo Cuota:#7,Saldo Cuota:#8,Saldo Cuota:#9,Saldo Cuota:#10,Saldo Cuota:#11,Saldo Cuota:#12', 9989.81, 456.63, 0.00, 0.00, 0.00, 0.00, 0.00, 13, 1, NULL, NULL, NULL);
INSERT INTO `pagos` VALUES (8, 1, 6, '0', '04/08/2023', 'Saldo Cuota:#1,Saldo Cuota:#2,Saldo Cuota:#3,Saldo Cuota:#4,Saldo Cuota:#5,Saldo Cuota:#6,Saldo Cuota:#7,Saldo Cuota:#8,Saldo Cuota:#9,Saldo Cuota:#10,Saldo Cuota:#11,Saldo Cuota:#12', 14999.94, 1246.50, 0.00, 0.00, 0.00, 0.00, 0.00, 13, 1, NULL, NULL, NULL);
INSERT INTO `pagos` VALUES (9, 1, 7, '0', '04/08/2023', 'Saldo Cuota:#1,Saldo Cuota:#2,Saldo Cuota:#3,Saldo Cuota:#4,Saldo Cuota:#5,Saldo Cuota:#6,Saldo Cuota:#7,Saldo Cuota:#8,Saldo Cuota:#9,Saldo Cuota:#10,Abono Cuota:#11', 8471.69, 1528.31, 0.00, 0.00, 0.00, 0.00, 0.00, 13, 1, NULL, NULL, NULL);
INSERT INTO `pagos` VALUES (10, 1, 7, '0', '04/08/2023', 'Saldo Cuota:#11,Saldo Cuota:#12,Saldo Cuota:#13,Saldo Cuota:#14,Saldo Cuota:#15,Saldo Cuota:#16,Saldo Cuota:#17,Saldo Cuota:#18', 6528.25, 315.61, 0.00, 0.00, 0.00, 0.00, 0.00, 13, 1, NULL, NULL, NULL);
INSERT INTO `pagos` VALUES (11, 1, 2, '0', '04/08/2023', 'Saldo Seguro:3,300.00,Saldo Cuota:#1,Abono Cuota:#2', 8776.47, 2923.53, 3300.00, 0.00, 0.00, 0.00, 0.00, 13, 1, NULL, NULL, NULL);
INSERT INTO `pagos` VALUES (12, 1, 2, '0', '04/08/2023', 'Saldo Cuota:#2,Abono Cuota:#3', 13653.71, 1346.29, 0.00, 0.00, 0.00, 0.00, 0.00, 13, 1, NULL, NULL, NULL);
INSERT INTO `pagos` VALUES (13, 1, 2, '0', '04/08/2023', 'Saldo Cuota:#3,Saldo Cuota:#4,Saldo Cuota:#5,Abono Cuota:#6', 21432.32, 3567.68, 0.00, 0.00, 0.00, 0.00, 0.00, 13, 1, NULL, NULL, NULL);
INSERT INTO `pagos` VALUES (14, 1, 2, '0', '04/08/2023', 'Saldo Cuota:#6,Saldo Cuota:#7,Saldo Cuota:#8,Saldo Cuota:#9,Saldo Cuota:#10,Saldo Cuota:#11,Saldo Cuota:#12,Saldo Cuota:#13,Saldo Cuota:#14,Saldo Cuota:#15,Saldo Cuota:#16,Saldo Cuota:#17,Abono Cuota:#18', 104185.96, 6814.04, 0.00, 0.00, 0.00, 0.00, 0.00, 13, 1, NULL, NULL, NULL);
INSERT INTO `pagos` VALUES (15, 1, 2, '0', '04/08/2023', 'Saldo Cuota:#18', 1951.58, 0.00, 0.00, 0.00, 0.00, 0.00, 0.00, 13, 1, NULL, NULL, NULL);
INSERT INTO `pagos` VALUES (16, 1, 3, '0', '04/08/2023', 'Saldo Seguro:1,450.00,Abono Cuota:#1', 237.50, 312.50, 1450.00, 0.00, 0.00, 0.00, 0.00, 13, 1, NULL, NULL, NULL);
INSERT INTO `pagos` VALUES (17, 1, 3, '0', '04/08/2023', 'Saldo Cuota:#1,Saldo Cuota:#2,Saldo Cuota:#3,Saldo Cuota:#4,Saldo Cuota:#5,Saldo Cuota:#6,Abono Cuota:#7', 13646.05, 1353.95, 0.00, 0.00, 0.00, 0.00, 0.00, 13, 1, NULL, NULL, NULL);
INSERT INTO `pagos` VALUES (18, 1, 3, '0', '04/08/2023', 'Saldo Cuota:#7,Saldo Cuota:#8,Saldo Cuota:#9,Saldo Cuota:#10,Saldo Cuota:#11,Saldo Cuota:#12', 11116.48, 411.04, 0.00, 0.00, 0.00, 0.00, 0.00, 13, 1, NULL, NULL, NULL);
INSERT INTO `pagos` VALUES (19, 1, 4, '0', '04/08/2023', 'Saldo Seguro:1,450.00,Saldo Cuota:#1,Saldo Cuota:#2,Saldo Cuota:#3,Saldo Cuota:#4,Saldo Cuota:#5,Saldo Cuota:#6,Saldo Cuota:#7,Saldo Cuota:#8,Saldo Cuota:#9,Saldo Cuota:#10,Saldo Cuota:#11,Saldo Cuota:#12,Saldo Cuota:#13,Saldo Cuota:#14,Saldo Cuota:#15,Saldo Cuota:#16,Abono Cuota:#17', 10130.16, 3419.84, 1450.00, 0.00, 0.00, 0.00, 0.00, 12, 1, NULL, NULL, NULL);
INSERT INTO `pagos` VALUES (20, 1, 4, '0', '04/08/2023', 'Saldo Cuota:#17,Saldo Cuota:#18,Saldo Cuota:#19,Saldo Cuota:#20,Saldo Cuota:#21,Saldo Cuota:#22,Saldo Cuota:#23,Saldo Cuota:#24,Saldo Cuota:#25,Saldo Cuota:#26,Saldo Cuota:#27,Saldo Cuota:#28,Abono Cuota:#29', 8752.64, 1247.36, 0.00, 0.00, 0.00, 0.00, 0.00, 12, 1, NULL, NULL, NULL);
INSERT INTO `pagos` VALUES (21, 1, 4, '0', '04/08/2023', 'Saldo Cuota:#29,Saldo Cuota:#30,Saldo Cuota:#31,Saldo Cuota:#32,Saldo Cuota:#33,Saldo Cuota:#34,Saldo Cuota:#35,Saldo Cuota:#36', 6117.27, 225.69, 0.00, 0.00, 0.00, 0.00, 0.00, 12, 1, NULL, NULL, NULL);
INSERT INTO `pagos` VALUES (22, 1, 12, '0', '04/08/2023', 'Saldo Cuota:#1,Saldo Cuota:#2,Saldo Cuota:#3,Saldo Cuota:#4,Saldo Cuota:#5,Saldo Cuota:#6,Saldo Cuota:#7,Saldo Cuota:#8,Saldo Cuota:#9,Saldo Cuota:#10,Saldo Cuota:#11,Abono Cuota:#12', 22780.75, 2219.25, 0.00, 0.00, 0.00, 0.00, 0.00, 13, 1, NULL, NULL, NULL);
INSERT INTO `pagos` VALUES (23, 1, 12, '0', '04/08/2023', 'Saldo Cuota:#12', 2219.24, 0.00, 0.00, 0.00, 0.00, 0.00, 0.00, 13, 1, NULL, NULL, NULL);
INSERT INTO `pagos` VALUES (24, 1, 14, '0', '04/08/2023', 'Saldo Cuota:#1,Saldo Cuota:#2,Saldo Cuota:#3,Abono Cuota:#4', 13277.30, 1722.70, 0.00, 0.00, 0.00, 0.00, 0.00, 13, 1, NULL, NULL, NULL);
INSERT INTO `pagos` VALUES (25, 1, 15, '0', '04/08/2023', 'Saldo Seguro:870.00,Saldo Cuota:#1,Saldo Cuota:#2,Saldo Cuota:#3,Saldo Cuota:#4,Saldo Cuota:#5,Saldo Cuota:#6,Saldo Cuota:#7,Saldo Cuota:#8,Saldo Cuota:#9,Saldo Cuota:#10,Saldo Cuota:#11,Saldo Cuota:#12,Saldo Cuota:#13,Saldo Cuota:#14,Saldo Cuota:#15,Saldo Cuota:#16,Saldo Cuota:#17,Saldo Cuota:#18,Saldo Cuota:#19,Saldo Cuota:#20,Saldo Cuota:#21,Saldo Cuota:#22,Saldo Cuota:#23,Saldo Cuota:#24,Saldo Cuota:#25,Saldo Cuota:#26,Saldo Cuota:#27,Saldo Cuota:#28,Saldo Cuota:#29,Saldo Cuota:#30,Saldo Cuota:#31,Saldo Cuota:#32,Saldo Cuota:#33,Saldo Cuota:#34,Saldo Cuota:#35,Saldo Cuota:#36', 15000.02, 3719.26, 870.00, 0.00, 0.00, 0.00, 0.00, 13, 1, NULL, NULL, NULL);
INSERT INTO `pagos` VALUES (26, 1, 8, '0', '04/08/2023', 'Saldo Cuota:#1,Saldo Cuota:#2,Saldo Cuota:#3,Saldo Cuota:#4,Saldo Cuota:#5,Saldo Cuota:#6,Saldo Cuota:#7,Saldo Cuota:#8,Saldo Cuota:#9,Saldo Cuota:#10,Saldo Cuota:#11,Saldo Cuota:#12,Saldo Cuota:#13,Saldo Cuota:#14,Saldo Cuota:#15,Saldo Cuota:#16,Saldo Cuota:#17,Saldo Cuota:#18', 15000.07, 1971.23, 0.00, 0.00, 0.00, 0.00, 0.00, 13, 1, NULL, NULL, NULL);
INSERT INTO `pagos` VALUES (27, 1, 9, '0', '04/08/2023', 'Saldo Cuota:#1,Saldo Cuota:#2,Saldo Cuota:#3,Saldo Cuota:#4,Saldo Cuota:#5,Saldo Cuota:#6,Saldo Cuota:#7,Saldo Cuota:#8,Saldo Cuota:#9,Saldo Cuota:#10,Saldo Cuota:#11,Saldo Cuota:#12,Saldo Cuota:#13,Saldo Cuota:#14,Saldo Cuota:#15,Saldo Cuota:#16,Saldo Cuota:#17,Saldo Cuota:#18', 15000.07, 1971.23, 0.00, 0.00, 0.00, 0.00, 0.00, 13, 1, NULL, NULL, NULL);
INSERT INTO `pagos` VALUES (28, 1, 18, '1255555522', '04/08/2023', 'Saldo Seguro:8,700.00,Saldo Cuota:#1,Saldo Cuota:#2,Saldo Cuota:#3,Saldo Cuota:#4,Saldo Cuota:#5,Saldo Cuota:#6,Saldo Cuota:#7,Saldo Cuota:#8,Saldo Cuota:#9,Saldo Cuota:#10,Saldo Cuota:#11,Saldo Cuota:#12,Saldo Cuota:#13,Saldo Cuota:#14,Saldo Cuota:#15,Saldo Cuota:#16,Saldo Cuota:#17,Saldo Cuota:#18,Saldo Cuota:#19,Saldo Cuota:#20,Saldo Cuota:#21,Saldo Cuota:#22,Saldo Cuota:#23,Saldo Cuota:#24', 149999.99, 19464.49, 8700.00, 0.00, 0.00, 0.00, 0.00, 13, 1, NULL, NULL, NULL);
INSERT INTO `pagos` VALUES (29, 1, 14, '0', '04/08/2023', 'Saldo Cuota:#4,Saldo Cuota:#5,Saldo Cuota:#6,Saldo Cuota:#7,Saldo Cuota:#8', 21722.70, 680.82, 0.00, 0.00, 0.00, 0.00, 0.00, 13, 1, NULL, NULL, NULL);
INSERT INTO `pagos` VALUES (30, 1, 13, '0', '04/08/2023', 'Saldo Seguro:4,350.00,Saldo Cuota:#1,Saldo Cuota:#2,Saldo Cuota:#3,Saldo Cuota:#4,Saldo Cuota:#5,Saldo Cuota:#6,Saldo Cuota:#7,Saldo Cuota:#8,Saldo Cuota:#9,Saldo Cuota:#10,Saldo Cuota:#11,Saldo Cuota:#12', 74999.95, 6657.77, 4350.00, 0.00, 0.00, 0.00, 0.00, 13, 1, NULL, NULL, NULL);
INSERT INTO `pagos` VALUES (31, 1, 17, '0', '04/08/2023', 'Saldo Seguro:2,610.00,Saldo Cuota:#1,Saldo Cuota:#2,Saldo Cuota:#3,Saldo Cuota:#4,Saldo Cuota:#5,Saldo Cuota:#6,Saldo Cuota:#7,Saldo Cuota:#8,Saldo Cuota:#9,Saldo Cuota:#10,Saldo Cuota:#11,Saldo Cuota:#12,Saldo Cuota:#13,Saldo Cuota:#14,Saldo Cuota:#15', 44999.95, 4948.25, 2610.00, 0.00, 0.00, 0.00, 0.00, 13, 1, NULL, NULL, NULL);
INSERT INTO `pagos` VALUES (32, 1, 16, '0', '04/08/2023', 'Saldo Seguro:2,030.00,Saldo Cuota:#1,Saldo Cuota:#2,Saldo Cuota:#3,Saldo Cuota:#4,Saldo Cuota:#5,Saldo Cuota:#6,Saldo Cuota:#7,Saldo Cuota:#8,Saldo Cuota:#9,Saldo Cuota:#10,Saldo Cuota:#11,Saldo Cuota:#12,Saldo Cuota:#13,Saldo Cuota:#14,Saldo Cuota:#15,Saldo Cuota:#16,Saldo Cuota:#17,Saldo Cuota:#18', 35000.05, 4302.41, 2030.00, 0.00, 0.00, 0.00, 0.00, 13, 1, NULL, NULL, NULL);
INSERT INTO `pagos` VALUES (33, 1, 1, '0', '04/08/2023', 'Saldo Seguro:550.00,Saldo Cuota:#1,Saldo Cuota:#2,Saldo Cuota:#3,Saldo Cuota:#4,Saldo Cuota:#5,Saldo Cuota:#6,Saldo Cuota:#7,Saldo Cuota:#8,Saldo Cuota:#9,Saldo Cuota:#10,Saldo Cuota:#11,Saldo Cuota:#12', 25000.03, 2077.49, 550.00, 0.00, 0.00, 0.00, 0.00, 13, 1, NULL, NULL, NULL);
INSERT INTO `pagos` VALUES (34, 1, 5, '0', '04/08/2023', 'Saldo Seguro:1,450.00,Saldo Cuota:#1,Saldo Cuota:#2,Saldo Cuota:#3,Saldo Cuota:#4,Saldo Cuota:#5,Saldo Cuota:#6,Saldo Cuota:#7,Saldo Cuota:#8,Saldo Cuota:#9,Saldo Cuota:#10,Saldo Cuota:#11,Saldo Cuota:#12,Saldo Cuota:#13,Saldo Cuota:#14,Saldo Cuota:#15,Saldo Cuota:#16,Saldo Cuota:#17,Saldo Cuota:#18', 24999.90, 2546.58, 1450.00, 0.00, 0.00, 0.00, 0.00, 13, 1, NULL, NULL, NULL);
INSERT INTO `pagos` VALUES (35, 1, 10, '0', '04/08/2023', 'Saldo Cuota:#1,Saldo Cuota:#2,Saldo Cuota:#3,Saldo Cuota:#4,Saldo Cuota:#5,Saldo Cuota:#6,Saldo Cuota:#7,Saldo Cuota:#8,Saldo Cuota:#9,Saldo Cuota:#10,Saldo Cuota:#11,Saldo Cuota:#12', 14999.94, 1246.50, 0.00, 0.00, 0.00, 0.00, 0.00, 13, 1, NULL, NULL, NULL);
INSERT INTO `pagos` VALUES (36, 1, 11, '0', '04/08/2023', 'Saldo Cuota:#1,Saldo Cuota:#2,Saldo Cuota:#3,Saldo Cuota:#4,Saldo Cuota:#5,Saldo Cuota:#6,Saldo Cuota:#7,Saldo Cuota:#8,Saldo Cuota:#9,Saldo Cuota:#10,Saldo Cuota:#11,Saldo Cuota:#12', 74999.95, 6657.77, 0.00, 0.00, 0.00, 0.00, 0.00, 13, 1, NULL, NULL, NULL);
INSERT INTO `pagos` VALUES (37, 1, 22, '0', '04/08/2023', 'Saldo Seguro:870.00,Saldo Cuota:#1,Saldo Cuota:#2,Saldo Cuota:#3,Saldo Cuota:#4,Saldo Cuota:#5,Saldo Cuota:#6,Saldo Cuota:#7,Saldo Cuota:#8,Saldo Cuota:#9,Saldo Cuota:#10,Saldo Cuota:#11,Abono Cuota:#12', 0.00, 2130.00, 870.00, 0.00, 0.00, 0.00, 0.00, 13, 1, NULL, NULL, NULL);
INSERT INTO `pagos` VALUES (38, 1, 22, '0', '04/08/2023', 'Saldo Cuota:#12', 15000.00, 120.00, 0.00, 0.00, 0.00, 0.00, 0.00, 13, 1, NULL, NULL, NULL);
INSERT INTO `pagos` VALUES (39, 1, 19, '0', '07/08/2023', 'Saldo Seguro:870.00,Saldo Cuota:#1,Saldo Cuota:#2,Saldo Cuota:#3,Saldo Cuota:#4,Saldo Cuota:#5,Abono Cuota:#6', 3947.65, 982.35, 870.00, 0.00, 0.00, 0.00, 0.00, 13, 1, NULL, NULL, NULL);
INSERT INTO `pagos` VALUES (40, 1, 26, '0', '08/08/2023', 'Saldo Cuota:#1,Saldo Cuota:#2,Saldo Cuota:#3,Saldo Cuota:#4,Saldo Cuota:#5,Saldo Cuota:#6,Saldo Cuota:#7,Saldo Cuota:#8,Saldo Cuota:#9,Saldo Cuota:#10,Saldo Cuota:#11,Saldo Cuota:#12,Saldo Cuota:#13,Saldo Cuota:#14,Saldo Cuota:#15,Saldo Cuota:#16,Saldo Cuota:#17,Saldo Cuota:#18,Saldo Cuota:#19,Saldo Cuota:#20,Saldo Cuota:#21,Saldo Cuota:#22,Saldo Cuota:#23,Saldo Cuota:#24', 14999.96, 2972.68, 0.00, 0.00, 0.00, 0.00, 0.00, 12, 1, NULL, NULL, NULL);
INSERT INTO `pagos` VALUES (41, 1, 21, '0', '08/08/2023', 'Saldo Cuota:#1,Saldo Cuota:#2,Saldo Cuota:#3,Saldo Cuota:#4,Saldo Cuota:#5,Saldo Cuota:#6,Saldo Cuota:#7,Saldo Cuota:#8,Saldo Cuota:#9,Saldo Cuota:#10,Saldo Cuota:#11,Saldo Cuota:#12', 14999.97, 992.79, 0.00, 0.00, 0.00, 0.00, 0.00, 13, 1, NULL, NULL, NULL);
INSERT INTO `pagos` VALUES (42, 1, 28, '0', '31/08/2023', 'Saldo Seguro:2,900.00,Saldo Cuota:#1,Saldo Cuota:#2,Saldo Cuota:#3,Abono Cuota:#4', 7440.65, 4659.35, 2900.00, 0.00, 0.00, 0.00, 0.00, 12, 0, '07/09/2023', NULL, NULL);
INSERT INTO `pagos` VALUES (43, 1, 27, '0', '07/09/2023', 'Saldo Seguro:2,900.00,Saldo Cuota:#1,Saldo Cuota:#2,Saldo Cuota:#3,Saldo Cuota:#4,Saldo Cuota:#5,Abono Cuota:#6', 17857.07, 4242.93, 2900.00, 0.00, 0.00, 0.00, 0.00, 13, 0, '07/09/2023', NULL, NULL);
INSERT INTO `pagos` VALUES (49, 1, 27, '0', '07/09/2023', 'Saldo Seguro:2,900.00,Saldo Cuota:#1,Saldo Cuota:#2,Saldo Cuota:#3,Abono Cuota:#4', 9066.14, 3033.86, 2900.00, 0.00, 0.00, 0.00, 0.00, 13, 0, '07/09/2023', NULL, NULL);
INSERT INTO `pagos` VALUES (50, 1, 27, '0', '07/09/2023', 'Saldo Cuota:#4,Saldo Cuota:#5,Saldo Cuota:#6,Abono Cuota:#7', 10766.37, 1733.63, 0.00, 0.00, 0.00, 0.00, 0.00, 13, 0, '07/09/2023', NULL, NULL);
INSERT INTO `pagos` VALUES (51, 1, 27, '0', '07/09/2023', 'Saldo Seguro:2,900.00,Saldo Cuota:#1,Saldo Cuota:#2,Saldo Cuota:#3,Abono Cuota:#4', 9066.14, 3033.86, 2900.00, 0.00, 0.00, 0.00, 0.00, 13, 0, '07/09/2023', NULL, NULL);
INSERT INTO `pagos` VALUES (52, 1, 27, '0', '07/09/2023', 'Saldo Seguro:2,900.00,Saldo Cuota:#1,Saldo Cuota:#2,Saldo Cuota:#3,Abono Cuota:#4', 9066.14, 3033.86, 2900.00, 0.00, 0.00, 0.00, 0.00, 13, 0, '07/09/2023', 'Error al registrar', 0);
INSERT INTO `pagos` VALUES (53, 1, 27, '0', '07/09/2023', 'Saldo Seguro:2,900.00,Saldo Cuota:#1,Saldo Cuota:#2,Saldo Cuota:#3,Abono Cuota:#4', 9066.14, 3033.86, 2900.00, 0.00, 0.00, 0.00, 0.00, 13, 0, '07/09/2023', 'Error al digitar', 1);
INSERT INTO `pagos` VALUES (54, 1, 19, '0', '08/09/2023', 'Saldo Cuota:#6,Saldo Cuota:#7,Saldo Cuota:#8,Abono Cuota:#9', 2307.04, 292.96, 0.00, 0.00, 0.00, 0.00, 0.00, 13, 1, NULL, NULL, NULL);
INSERT INTO `pagos` VALUES (55, 1, 19, '0', '08/09/2023', 'Saldo Cuota:#9,Saldo Cuota:#10,Saldo Cuota:#11,Saldo Cuota:#12,Saldo Cuota:#13,Saldo Cuota:#14,Saldo Cuota:#15,Saldo Cuota:#16,Saldo Cuota:#17,Saldo Cuota:#18', 8745.25, 568.61, 0.00, 0.00, 0.00, 0.00, 0.00, 13, 1, NULL, NULL, NULL);
INSERT INTO `pagos` VALUES (56, 1, 23, '0', '13/09/2023', 'Saldo Seguro:870.00,Saldo Cuota:#1,Saldo Cuota:#2,Saldo Cuota:#3,Saldo Cuota:#4,Saldo Cuota:#5,Saldo Cuota:#6,Saldo Cuota:#7,Saldo Cuota:#8,Saldo Cuota:#9,Abono Cuota:#10', 6686.32, 2943.68, 870.00, 0.00, 0.00, 0.00, 0.00, 13, 1, NULL, NULL, NULL);
INSERT INTO `pagos` VALUES (57, 1, 24, '0', '19/09/2023', 'Saldo Seguro:2,900.00,Saldo Cuota:#1,Saldo Cuota:#2,Abono Cuota:#3', 3518.61, 1581.39, 2900.00, 0.00, 0.00, 0.00, 0.00, 13, 1, NULL, NULL, NULL);

-- ----------------------------
-- Table structure for plazos
-- ----------------------------
DROP TABLE IF EXISTS `plazos`;
CREATE TABLE `plazos`  (
  `id` int(5) NOT NULL AUTO_INCREMENT,
  `descripcion` varchar(200) CHARACTER SET utf8 COLLATE utf8_spanish2_ci NULL DEFAULT NULL,
  `dias` int(10) NULL DEFAULT NULL,
  `meses` double(10, 2) NULL DEFAULT NULL,
  PRIMARY KEY (`id`) USING BTREE
) ENGINE = InnoDB AUTO_INCREMENT = 10 CHARACTER SET = utf8 COLLATE = utf8_spanish2_ci ROW_FORMAT = Dynamic;

-- ----------------------------
-- Records of plazos
-- ----------------------------
INSERT INTO `plazos` VALUES (1, 'DIARIO', 1, 0.03);
INSERT INTO `plazos` VALUES (2, 'INTERDIARIO', 2, 0.07);
INSERT INTO `plazos` VALUES (3, 'SEMANA', 7, 0.13);
INSERT INTO `plazos` VALUES (4, 'QUINCENA', 15, 0.50);
INSERT INTO `plazos` VALUES (5, 'MENSUAL', 31, 1.00);
INSERT INTO `plazos` VALUES (6, 'TRIMESTRAL', 90, 3.00);
INSERT INTO `plazos` VALUES (7, 'SEMESTRAL', 180, 6.00);
INSERT INTO `plazos` VALUES (8, 'ANUAL', 365, 12.00);

-- ----------------------------
-- Table structure for prestamos
-- ----------------------------
DROP TABLE IF EXISTS `prestamos`;
CREATE TABLE `prestamos`  (
  `id` int(20) NOT NULL AUTO_INCREMENT,
  `fecha` varchar(20) CHARACTER SET utf8 COLLATE utf8_spanish2_ci NULL DEFAULT NULL,
  `clientes_id` int(10) NULL DEFAULT NULL,
  `empresa_id` int(10) NULL DEFAULT NULL,
  `tipoprestamos_id` int(5) NULL DEFAULT NULL,
  `minteres` double(10, 2) NOT NULL,
  `monto` double(15, 2) NOT NULL,
  `interes` double(10, 2) NOT NULL,
  `cuota` double(15, 2) NOT NULL,
  `inicio` varchar(20) CHARACTER SET utf8 COLLATE utf8_spanish2_ci NULL DEFAULT NULL,
  `vence` varchar(20) CHARACTER SET utf8 COLLATE utf8_spanish2_ci NULL DEFAULT NULL,
  `mora` double(15, 2) NOT NULL,
  `seguro` double(10, 2) NOT NULL,
  `otros` double(15, 2) NOT NULL,
  `fecultpag` varchar(20) CHARACTER SET utf8 COLLATE utf8_spanish2_ci NULL DEFAULT NULL,
  `plazo_id` int(5) NOT NULL,
  `cantidadplazos` int(10) NULL DEFAULT NULL,
  `cappag` double(15, 2) NOT NULL,
  `intpag` double(15, 2) NOT NULL,
  `morpag` double(15, 2) NOT NULL,
  `otrpag` double(15, 2) NOT NULL,
  `segpag` double(15, 2) NOT NULL,
  `ruta_id` int(10) NOT NULL,
  `cobrador_id` int(10) NOT NULL,
  `estado` int(1) NOT NULL DEFAULT 1,
  PRIMARY KEY (`id`) USING BTREE,
  INDEX ```numero```(`id`) USING BTREE,
  INDEX ```codcli```(`clientes_id`) USING BTREE,
  INDEX ```cempresa```(`empresa_id`) USING BTREE,
  INDEX ```codcob```(`cobrador_id`) USING BTREE,
  INDEX ```codrut```(`ruta_id`) USING BTREE,
  INDEX `fk_prestamos_prestamos_4`(`plazo_id`) USING BTREE,
  INDEX `fk_prestamos_prestamos_5`(`tipoprestamos_id`) USING BTREE,
  CONSTRAINT `fk_prestamos_prestamos_1` FOREIGN KEY (`clientes_id`) REFERENCES `clientes` (`id`) ON DELETE RESTRICT ON UPDATE RESTRICT,
  CONSTRAINT `fk_prestamos_prestamos_2` FOREIGN KEY (`empresa_id`) REFERENCES `empresa` (`id`) ON DELETE RESTRICT ON UPDATE RESTRICT,
  CONSTRAINT `fk_prestamos_prestamos_3` FOREIGN KEY (`ruta_id`) REFERENCES `rutas` (`id`) ON DELETE RESTRICT ON UPDATE RESTRICT,
  CONSTRAINT `fk_prestamos_prestamos_4` FOREIGN KEY (`plazo_id`) REFERENCES `plazos` (`id`) ON DELETE RESTRICT ON UPDATE RESTRICT,
  CONSTRAINT `fk_prestamos_prestamos_5` FOREIGN KEY (`tipoprestamos_id`) REFERENCES `tipoprestamos` (`id`) ON DELETE RESTRICT ON UPDATE RESTRICT
) ENGINE = InnoDB AUTO_INCREMENT = 39 CHARACTER SET = utf8 COLLATE = utf8_spanish2_ci ROW_FORMAT = Dynamic;

-- ----------------------------
-- Records of prestamos
-- ----------------------------
INSERT INTO `prestamos` VALUES (1, '27/08/2023', 6, 1, 1, 15.00, 25000.00, 2077.49, 2256.46, '27/08/2023', '26/07/2024', 0.00, 550.00, 0.00, '04/08/2023', 5, 12, 25000.00, 2077.49, 0.00, 0.00, 550.00, 1, 13, 1);
INSERT INTO `prestamos` VALUES (2, '27/08/2023', 1, 1, 1, 12.00, 150000.00, 14651.54, 9147.31, '27/08/2023', '26/01/2025', 0.00, 3300.00, 0.00, '04/08/2023', 5, 18, 150000.00, 14651.54, 0.00, 0.00, 3300.00, 3, 13, 1);
INSERT INTO `prestamos` VALUES (3, '27/08/2023', 1, 1, 1, 15.00, 25000.00, 2077.49, 2256.46, '27/08/2023', '26/07/2024', 0.00, 1450.00, 0.00, '04/08/2023', 5, 12, 25000.00, 2077.49, 0.00, 0.00, 1450.00, 1, 13, 1);
INSERT INTO `prestamos` VALUES (4, '27/08/2023', 1, 1, 1, 12.00, 25000.00, 4892.89, 830.36, '27/08/2023', '26/07/2026', 0.00, 1450.00, 0.00, '04/08/2023', 5, 36, 25000.00, 4892.89, 0.00, 0.00, 1450.00, 2, 12, 1);
INSERT INTO `prestamos` VALUES (5, '11/08/2023', 6, 1, 1, 12.50, 25000.00, 2546.58, 1530.36, '11/08/2023', '22/04/2024', 0.00, 1450.00, 0.00, '04/08/2023', 4, 18, 25000.00, 2546.58, 0.00, 0.00, 1450.00, 1, 13, 1);
INSERT INTO `prestamos` VALUES (6, '27/08/2023', 5, 1, 1, 15.00, 15000.00, 1246.50, 1353.87, '27/08/2023', '26/07/2024', 0.00, 0.00, 0.00, '04/08/2023', 5, 12, 15000.00, 1246.50, 0.00, 0.00, 0.00, 1, 13, 1);
INSERT INTO `prestamos` VALUES (7, '27/08/2023', 5, 1, 1, 15.00, 15000.00, 1843.92, 935.77, '27/08/2023', '26/01/2025', 0.00, 0.00, 0.00, '04/08/2023', 5, 18, 15000.00, 1843.92, 0.00, 0.00, 0.00, 1, 13, 1);
INSERT INTO `prestamos` VALUES (8, '30/11/2023', 1, 1, 1, 16.00, 15000.00, 1971.23, 942.85, '3/8/2023', '30/11/2023', 0.00, 0.00, 0.00, '04/08/2023', 3, 18, 15000.00, 1971.23, 0.00, 0.00, 0.00, 1, 13, 1);
INSERT INTO `prestamos` VALUES (9, '27/8/2023', 1, 1, 1, 16.00, 15000.00, 1971.23, 942.85, '27/8/2023', '26/1/2025', 0.00, 0.00, 0.00, '04/08/2023', 5, 18, 15000.00, 1971.23, 0.00, 0.00, 0.00, 1, 13, 1);
INSERT INTO `prestamos` VALUES (10, '27/8/2023', 6, 1, 1, 15.00, 15000.00, 1246.50, 1353.87, '27/8/2023', '26/7/2024', 0.00, 0.00, 0.00, '04/08/2023', 5, 12, 15000.00, 1246.50, 0.00, 0.00, 0.00, 1, 13, 1);
INSERT INTO `prestamos` VALUES (11, '27/08/2023', 6, 1, 1, 16.00, 75000.00, 6657.77, 6804.81, '27/08/2023', '26/07/2024', 0.00, 0.00, 0.00, '04/08/2023', 5, 12, 75000.00, 6657.77, 0.00, 0.00, 0.00, 1, 13, 1);
INSERT INTO `prestamos` VALUES (12, '27/08/2023', 5, 1, 1, 16.00, 25000.00, 2219.25, 2268.27, '27/08/2023', '26/07/2024', 0.00, 0.00, 0.00, '04/08/2023', 5, 12, 25000.00, 2219.25, 0.00, 0.00, 0.00, 1, 13, 1);
INSERT INTO `prestamos` VALUES (13, '28/07/2023', 5, 1, 1, 16.00, 75000.00, 6657.77, 6804.81, '28/07/2023', '08/08/2023', 0.00, 4350.00, 0.00, '04/08/2023', 1, 12, 75000.00, 6657.77, 0.00, 0.00, 4350.00, 1, 13, 1);
INSERT INTO `prestamos` VALUES (14, '15/8/2023', 7, 1, 1, 18.00, 35000.00, 2403.52, 4675.44, '15/8/2023', '28/11/2023', 0.00, 0.00, 0.00, '04/08/2023', 4, 8, 35000.00, 2403.52, 0.00, 0.00, 0.00, 1, 13, 1);
INSERT INTO `prestamos` VALUES (15, '27/8/2023', 8, 1, 1, 15.00, 15000.00, 3719.26, 519.98, '27/8/2023', '26/7/2026', 0.00, 870.00, 0.00, '04/08/2023', 5, 36, 15000.00, 3719.26, 0.00, 0.00, 870.00, 1, 13, 1);
INSERT INTO `prestamos` VALUES (16, '27/08/2023', 8, 1, 1, 15.00, 35000.00, 4302.41, 2183.47, '27/08/2023', '26/01/2025', 0.00, 2030.00, 0.00, '04/08/2023', 5, 18, 35000.00, 4302.41, 0.00, 0.00, 2030.00, 1, 13, 1);
INSERT INTO `prestamos` VALUES (17, '26/10/2024', 5, 1, 1, 16.00, 45000.00, 4948.25, 3329.88, '27/08/2023', '26/10/2024', 0.00, 2610.00, 0.00, '04/08/2023', 5, 15, 45000.00, 4948.25, 0.00, 0.00, 2610.00, 1, 13, 1);
INSERT INTO `prestamos` VALUES (18, '27/8/2023', 1, 1, 1, 12.00, 150000.00, 19464.49, 7061.02, '27/8/2023', '26/7/2025', 0.00, 8700.00, 0.00, '04/08/2023', 5, 24, 150000.00, 19464.49, 0.00, 0.00, 8700.00, 1, 13, 1);
INSERT INTO `prestamos` VALUES (19, '27/8/2023', 1, 1, 1, 15.00, 15000.00, 1843.92, 935.77, '27/8/2023', '26/1/2025', 0.00, 870.00, 0.00, '08/09/2023', 5, 18, 15000.00, 1843.92, 0.00, 0.00, 870.00, 1, 13, 1);
INSERT INTO `prestamos` VALUES (20, '04/08/2023', 6, 1, 1, 16.00, 15000.00, 1971.23, 942.85, '27/8/2023', '26/1/2025', 0.00, 870.00, 0.00, '', 5, 18, 0.00, 0.00, 0.00, 0.00, 0.00, 1, 13, 1);
INSERT INTO `prestamos` VALUES (21, '4/1/2023', 5, 1, 1, 12.00, 15000.00, 992.79, 1332.73, '3/8/2023', '2/7/2024', 0.00, 0.00, 0.00, '08/08/2023', 5, 12, 15000.00, 992.79, 0.00, 0.00, 0.00, 1, 13, 1);
INSERT INTO `prestamos` VALUES (22, '4/1/2023', 6, 1, 2, 15.00, 15000.00, 2250.00, 187.50, '3/8/2023', '2/7/2024', 0.00, 870.00, 0.00, '04/08/2023', 5, 12, 15000.00, 2250.00, 0.00, 0.00, 870.00, 1, 13, 1);
INSERT INTO `prestamos` VALUES (23, '7/3/2023', 6, 1, 1, 30.00, 15000.00, 3810.95, 1045.05, '7/9/2023', '6/2/2025', 0.00, 870.00, 0.00, '13/09/2023', 5, 18, 6686.32, 2943.68, 0.00, 0.00, 870.00, 1, 13, 1);
INSERT INTO `prestamos` VALUES (24, '7/3/2023', 1, 1, 1, 18.00, 50000.00, 9908.92, 2496.21, '7/9/2023', '6/8/2025', 0.00, 2900.00, 0.00, '19/09/2023', 5, 24, 3518.61, 1581.39, 0.00, 0.00, 2900.00, 1, 13, 1);
INSERT INTO `prestamos` VALUES (25, '8/9/2023', 6, 1, 1, 18.00, 50000.00, 9908.92, 2496.21, '8/9/2023', '7/8/2025', 0.00, 2900.00, 0.00, '', 5, 24, 0.00, 0.00, 0.00, 0.00, 0.00, 1, 13, 1);
INSERT INTO `prestamos` VALUES (26, '8/12/2023', 7, 1, 1, 18.00, 15000.00, 2972.68, 748.86, '8/9/2023', '7/8/2025', 0.00, 0.00, 0.00, '08/08/2023', 5, 24, 15000.00, 2972.68, 0.00, 0.00, 0.00, 3, 12, 1);
INSERT INTO `prestamos` VALUES (27, '9/8/2023', 5, 1, 1, 20.00, 50000.00, 6923.50, 3794.90, '9/9/2023', '8/11/2024', 0.00, 2900.00, 0.00, '07/09/2023', 5, 15, 0.00, 0.00, 0.00, 0.00, 0.00, 1, 13, 1);
INSERT INTO `prestamos` VALUES (28, '28/3/2023', 7, 1, 1, 30.00, 50000.00, 12703.08, 3483.50, '28/9/2023', '27/2/2025', 0.00, 2900.00, 0.00, '31/08/2023', 5, 18, 0.00, 0.00, 0.00, 0.00, 0.00, 3, 12, 1);
INSERT INTO `prestamos` VALUES (29, '11/3/2023', 7, 1, 1, 40.00, 50000.00, 17295.80, 3738.66, '11/10/2023', '10/3/2025', 0.00, 2900.00, 0.00, '', 5, 18, 0.00, 0.00, 0.00, 0.00, 0.00, 3, 12, 1);
INSERT INTO `prestamos` VALUES (30, '11/09/2023', 5, 1, 1, 40.00, 25000.00, 8647.91, 1869.33, '11/10/2023', '10/3/2025', 0.00, 1450.00, 0.00, '', 5, 18, 0.00, 0.00, 0.00, 0.00, 0.00, 3, 12, 1);
INSERT INTO `prestamos` VALUES (31, '18/09/2023', 5, 1, 1, 40.00, 150000.00, 43048.07, 12869.87, '3/10/2023', '30/4/2024', 0.00, 8700.00, 0.00, '', 4, 15, 0.00, 0.00, 0.00, 0.00, 0.00, 3, 12, 1);
INSERT INTO `prestamos` VALUES (32, '19/09/2023', 5, 1, 1, 40.00, 150000.00, 70275.84, 9178.16, '19/10/2023', '18/9/2025', 0.00, 8700.00, 0.00, '', 5, 24, 0.00, 0.00, 0.00, 0.00, 0.00, 3, 12, 1);
INSERT INTO `prestamos` VALUES (33, '19/09/2023', 6, 1, 1, 40.00, 15000.00, 5188.73, 1121.60, '19/10/2023', '18/3/2025', 0.00, 0.00, 0.00, '', 5, 18, 0.00, 0.00, 0.00, 0.00, 0.00, 3, 12, 1);
INSERT INTO `prestamos` VALUES (34, '19/09/2023', 6, 1, 1, 40.00, 15000.00, 5188.73, 1121.60, '19/10/2023', '18/3/2025', 0.00, 0.00, 0.00, '', 5, 18, 0.00, 0.00, 0.00, 0.00, 0.00, 3, 12, 1);
INSERT INTO `prestamos` VALUES (35, '19/09/2023', 1, 1, 1, 40.00, 25000.00, 8647.91, 1869.33, '19/10/2023', '18/3/2025', 0.00, 0.00, 0.00, '', 5, 18, 0.00, 0.00, 0.00, 0.00, 0.00, 3, 12, 1);
INSERT INTO `prestamos` VALUES (36, '19/09/2023', 5, 1, 1, 40.00, 25000.00, 7174.66, 2144.98, '19/10/2023', '18/12/2024', 0.00, 0.00, 0.00, '', 5, 15, 0.00, 0.00, 0.00, 0.00, 0.00, 3, 12, 1);
INSERT INTO `prestamos` VALUES (37, '19/09/2023', 1, 1, 1, 40.00, 150000.00, 70275.84, 9178.16, '18/12/2023', '18/08/2029', 0.00, 0.00, 0.00, '', 6, 24, 0.00, 0.00, 0.00, 0.00, 0.00, 3, 12, 1);
INSERT INTO `prestamos` VALUES (38, '19/09/2023', 8, 1, 1, 40.00, 15000.00, 7027.51, 917.82, '26/09/2023', '05/03/2024', 0.00, 0.00, 0.00, '', 3, 24, 0.00, 0.00, 0.00, 0.00, 0.00, 3, 12, 1);

-- ----------------------------
-- Table structure for referencias
-- ----------------------------
DROP TABLE IF EXISTS `referencias`;
CREATE TABLE `referencias`  (
  `clientes_id` int(10) NULL DEFAULT NULL,
  `empresa_id` int(10) NULL DEFAULT NULL,
  `cedula` varchar(20) CHARACTER SET utf8 COLLATE utf8_spanish2_ci NULL DEFAULT NULL,
  `nombres` varchar(200) CHARACTER SET utf8 COLLATE utf8_spanish2_ci NULL DEFAULT NULL,
  `direccion` varchar(200) CHARACTER SET utf8 COLLATE utf8_spanish2_ci NULL DEFAULT NULL,
  `sexo` varchar(20) CHARACTER SET utf8 COLLATE utf8_spanish2_ci NULL DEFAULT NULL,
  `telefono` varchar(20) CHARACTER SET utf8 COLLATE utf8_spanish2_ci NULL DEFAULT NULL,
  `parentezco` varchar(200) CHARACTER SET utf8 COLLATE utf8_spanish2_ci NULL DEFAULT NULL,
  `coodeudor` int(1) NULL DEFAULT 0,
  `estado` int(1) NULL DEFAULT 1,
  INDEX `clientes_id`(`clientes_id`) USING BTREE,
  INDEX `empresa_id`(`empresa_id`) USING BTREE,
  CONSTRAINT `fk_referencias_referencias_1` FOREIGN KEY (`clientes_id`) REFERENCES `clientes` (`id`) ON DELETE CASCADE ON UPDATE CASCADE,
  CONSTRAINT `fk_referencias_referencias_2` FOREIGN KEY (`empresa_id`) REFERENCES `empresa` (`id`) ON DELETE CASCADE ON UPDATE CASCADE
) ENGINE = InnoDB CHARACTER SET = utf8 COLLATE = utf8_spanish2_ci ROW_FORMAT = Dynamic;

-- ----------------------------
-- Records of referencias
-- ----------------------------
INSERT INTO `referencias` VALUES (1, 1, '012-2555525-5', 'REYNALDO FERNANDEZ', 'LOS ALAMOS', 'MASCULINO', '829-555-5441', 'PRIMO', 1, 1);
INSERT INTO `referencias` VALUES (1, 1, '012-5554444-1', 'IVELISSE MEJIA', 'PASTOR BELLA VISTA', 'MASCULINO', '829-555-2555', 'MADRE', 0, 1);
INSERT INTO `referencias` VALUES (5, 1, '002-1122555-4', 'ANDREA MEZON', 'CALLE 5, LOS CIRUELITOS', 'MASCULINO', '829-885-8888', 'AMIGA', 1, 1);
INSERT INTO `referencias` VALUES (6, 1, '011-4444111-1', 'WILSON GONZALEZ', 'CALLE EUGENIO PERDOMO', 'MASCULINO', '829-585-8888', 'PRIMO', 1, 1);
INSERT INTO `referencias` VALUES (7, 1, '001-2552222-1', 'WILSON GONZALEZ', 'SANTIAGO DE LOS CABALLEROS', 'MASCULINO', '809-315-1696', 'AMIGO', 1, 1);
INSERT INTO `referencias` VALUES (8, 1, '001-0000011-2', 'PEDRO HERNANDEZ', 'CAMBOLLA', 'MASCULINO', '829-588-5888', 'AMIGO', 1, 1);

-- ----------------------------
-- Table structure for rutas
-- ----------------------------
DROP TABLE IF EXISTS `rutas`;
CREATE TABLE `rutas`  (
  `id` int(10) NOT NULL AUTO_INCREMENT,
  `nombres` varchar(200) CHARACTER SET utf8 COLLATE utf8_spanish2_ci NULL DEFAULT NULL,
  `empresa_id` int(10) NULL DEFAULT NULL,
  `estado` int(1) NULL DEFAULT 1,
  PRIMARY KEY (`id`) USING BTREE,
  INDEX ```codrut```(`id`) USING BTREE,
  INDEX ```cempresa```(`empresa_id`) USING BTREE,
  CONSTRAINT `fk_rutas_rutas_2` FOREIGN KEY (`empresa_id`) REFERENCES `empresa` (`id`) ON DELETE CASCADE ON UPDATE CASCADE
) ENGINE = InnoDB AUTO_INCREMENT = 5 CHARACTER SET = utf8 COLLATE = utf8_spanish2_ci ROW_FORMAT = Dynamic;

-- ----------------------------
-- Records of rutas
-- ----------------------------
INSERT INTO `rutas` VALUES (1, 'MAO', 1, 1);
INSERT INTO `rutas` VALUES (2, 'RUTA MONTECRISTI ABAJO', 1, 1);
INSERT INTO `rutas` VALUES (3, 'LOS ALMACIGOS', 1, 1);
INSERT INTO `rutas` VALUES (4, 'SANTIAGO', 1, 1);

-- ----------------------------
-- Table structure for tipoprestamos
-- ----------------------------
DROP TABLE IF EXISTS `tipoprestamos`;
CREATE TABLE `tipoprestamos`  (
  `id` int(5) NOT NULL AUTO_INCREMENT,
  `descripcion` varchar(200) CHARACTER SET utf8 COLLATE utf8_spanish2_ci NULL DEFAULT NULL,
  PRIMARY KEY (`id`) USING BTREE
) ENGINE = InnoDB AUTO_INCREMENT = 3 CHARACTER SET = utf8 COLLATE = utf8_spanish2_ci ROW_FORMAT = Dynamic;

-- ----------------------------
-- Records of tipoprestamos
-- ----------------------------
INSERT INTO `tipoprestamos` VALUES (1, 'AMORTIZADO');
INSERT INTO `tipoprestamos` VALUES (2, 'CAPITALIZADO');

-- ----------------------------
-- Table structure for tipos
-- ----------------------------
DROP TABLE IF EXISTS `tipos`;
CREATE TABLE `tipos`  (
  `id` int(5) NOT NULL AUTO_INCREMENT,
  `descripcion` varchar(200) CHARACTER SET utf8 COLLATE utf8_spanish2_ci NULL DEFAULT NULL,
  PRIMARY KEY (`id`) USING BTREE
) ENGINE = InnoDB AUTO_INCREMENT = 4 CHARACTER SET = utf8 COLLATE = utf8_spanish2_ci ROW_FORMAT = Dynamic;

-- ----------------------------
-- Records of tipos
-- ----------------------------
INSERT INTO `tipos` VALUES (1, 'ADMINISTRADOR');
INSERT INTO `tipos` VALUES (2, 'USUARIOS SIMPLE');
INSERT INTO `tipos` VALUES (3, 'OTROS');

-- ----------------------------
-- Table structure for trabajos
-- ----------------------------
DROP TABLE IF EXISTS `trabajos`;
CREATE TABLE `trabajos`  (
  `clientes_id` int(10) NULL DEFAULT NULL,
  `empresa_id` int(10) NULL DEFAULT NULL,
  `nombre` varchar(200) CHARACTER SET utf8 COLLATE utf8_spanish2_ci NULL DEFAULT NULL,
  `direccion` varchar(200) CHARACTER SET utf8 COLLATE utf8_spanish2_ci NULL DEFAULT NULL,
  `telefono` varchar(20) CHARACTER SET utf8 COLLATE utf8_spanish2_ci NULL DEFAULT NULL,
  `sueldo` double(10, 2) NULL DEFAULT NULL,
  `puesto` varchar(100) CHARACTER SET utf8 COLLATE utf8_spanish2_ci NULL DEFAULT NULL,
  INDEX `clientes_id`(`clientes_id`) USING BTREE,
  INDEX `empresa_id`(`empresa_id`) USING BTREE,
  CONSTRAINT `fk_trabajos_trabajos_1` FOREIGN KEY (`clientes_id`) REFERENCES `clientes` (`id`) ON DELETE NO ACTION ON UPDATE NO ACTION,
  CONSTRAINT `fk_trabajos_trabajos_2` FOREIGN KEY (`empresa_id`) REFERENCES `empresa` (`id`) ON DELETE NO ACTION ON UPDATE NO ACTION
) ENGINE = InnoDB CHARACTER SET = utf8 COLLATE = utf8_spanish2_ci ROW_FORMAT = Dynamic;

-- ----------------------------
-- Records of trabajos
-- ----------------------------
INSERT INTO `trabajos` VALUES (1, 1, 'CLARO', 'LOS ALAMOS', '829-555-5555', 18000.00, 'SOPORTE');
INSERT INTO `trabajos` VALUES (1, 1, 'INFOTEP', 'AV. HATUEY', '809-570-4125', 80940.00, 'ADMINISTRADOR DE REDES');
INSERT INTO `trabajos` VALUES (5, 1, 'TALLER PEREZ', 'CALLE 3#50, BELLA VISTA', '829-958-8588', 15000.00, 'MECANICO');
INSERT INTO `trabajos` VALUES (6, 1, 'INFOTEP', 'AV. HATUEY', '809-570-4125', 250000.00, 'SOPORTE');
INSERT INTO `trabajos` VALUES (7, 1, 'INFOTEP', 'C/ESTRELLA SADHALA, ESQ. HATUEY', '809-570-4125', 100000.00, 'ENC. DE TI');
INSERT INTO `trabajos` VALUES (8, 1, 'VOICETEAM', 'CALLE 3 # 50', '829-588-5888', 15000.00, 'SOPORTE');
INSERT INTO `trabajos` VALUES (8, 1, 'TALLER PEREZ', 'LOS ALAMOS', '882-925-5888', 25000.00, 'MECANICO');

-- ----------------------------
-- Table structure for usuario
-- ----------------------------
DROP TABLE IF EXISTS `usuario`;
CREATE TABLE `usuario`  (
  `id` int(10) NOT NULL AUTO_INCREMENT,
  `empresa_id` int(10) NULL DEFAULT NULL,
  `nombre` varchar(50) CHARACTER SET utf8 COLLATE utf8_spanish2_ci NULL DEFAULT NULL,
  `cuenta` varchar(100) CHARACTER SET utf8 COLLATE utf8_spanish2_ci NULL DEFAULT NULL,
  `clave` varchar(100) CHARACTER SET utf8 COLLATE utf8_spanish2_ci NULL DEFAULT NULL,
  `tipo_id` int(5) NULL DEFAULT NULL,
  `estado` int(1) NULL DEFAULT 1,
  PRIMARY KEY (`id`) USING BTREE,
  INDEX `empresa_id`(`empresa_id`) USING BTREE,
  INDEX `tipo_id`(`tipo_id`) USING BTREE,
  INDEX `cuenta`(`cuenta`) USING BTREE,
  CONSTRAINT `fk_usuario_usuario_1` FOREIGN KEY (`empresa_id`) REFERENCES `empresa` (`id`) ON DELETE CASCADE ON UPDATE CASCADE,
  CONSTRAINT `fk_usuario_usuario_2` FOREIGN KEY (`tipo_id`) REFERENCES `tipos` (`id`) ON DELETE CASCADE ON UPDATE CASCADE
) ENGINE = InnoDB AUTO_INCREMENT = 3 CHARACTER SET = utf8 COLLATE = utf8_spanish2_ci ROW_FORMAT = Dynamic;

-- ----------------------------
-- Records of usuario
-- ----------------------------
INSERT INTO `usuario` VALUES (1, 1, 'WILSON GONZALEZ', 'wilson', '$2b$10$n.wWj5ISG75iqMTbmRchCutz2CO0yTF2IuAJIvMZlU6LIsrCosxpO', 1, 1);
INSERT INTO `usuario` VALUES (2, 1, 'REYNALDO DE JESUS', 'rey', '$2b$10$lAfnEYPQC4ua3F60LuyfIOxD9PtOzkShFoyP.7v1O7tG0qFj27dRe', 3, 1);

-- ----------------------------
-- Procedure structure for ActualizarCuotas
-- ----------------------------
DROP PROCEDURE IF EXISTS `ActualizarCuotas`;
delimiter ;;
CREATE PROCEDURE `ActualizarCuotas`(IN `empresaId` int(10),IN `prestamosId` int(20),IN npa int(10),IN `pcap` double(15,2),IN `pinte` double(15,2),IN `pseg` double(15,2))
BEGIN
	
	
UPDATE cuotas 
SET pcapital = pcapital + pcap,
pinteres = pinteres + pinte,
pseguro = pseguro + pseg
WHERE
	prestamos_id = prestamosId 
	AND empresa_id = empresaId
	AND npago=npa;
	
	
	
END
;;
delimiter ;

-- ----------------------------
-- Procedure structure for ActualizarCuotasPagos
-- ----------------------------
DROP PROCEDURE IF EXISTS `ActualizarCuotasPagos`;
delimiter ;;
CREATE PROCEDURE `ActualizarCuotasPagos`(IN `empresaId` int(10),IN `prestamosId` int(20),IN `npag` int(10),IN `tcap` double(15,2),IN `tint` double(15,2),IN `tsegu` double(15,2))
BEGIN
		
	UPDATE cuotas SET 
	       pcapital=pcapital-tcap,
			   pinteres=pinteres-tint,
			   pseguro = pseguro - tsegu
			WHERE empresa_id=	 empresaId AND prestamos_id = prestamosId AND npago = npag;
			
END
;;
delimiter ;

-- ----------------------------
-- Procedure structure for ActualizarPrestamos
-- ----------------------------
DROP PROCEDURE IF EXISTS `ActualizarPrestamos`;
delimiter ;;
CREATE PROCEDURE `ActualizarPrestamos`(IN `empresaId` int(10),IN `prestamosId` int(20),IN `pcap` double(15,2),IN `pinte` double(15,2),IN `pmor` double(15,2),IN `potr` double(15,2),IN `pseg` double(15,2))
BEGIN
	
	
	UPDATE prestamos 
SET cappag = cappag + pcap,
intpag = intpag + pinte,
morpag = morpag + pmor,
otrpag = otrpag + potr,
segpag = segpag + pseg,
fecultpag = DATE_FORMAT( now( ), "%d/%m/%Y" ) 
WHERE
	id = prestamosId 
	AND empresa_id = empresaId;
	
	
IF (select monto-cappag from prestamos WHERE id = prestamosId AND empresa_id = empresaId)<1 then 
UPDATE prestamos 
SET cappag = cappag + (select monto-cappag from prestamos WHERE id = prestamosId AND empresa_id = empresaId) WHERE id = prestamosId AND empresa_id = empresaId;
END IF;
	
	
END
;;
delimiter ;

-- ----------------------------
-- Procedure structure for BloquearClientes
-- ----------------------------
DROP PROCEDURE IF EXISTS `BloquearClientes`;
delimiter ;;
CREATE PROCEDURE `BloquearClientes`(IN `empresaId` int(10),IN `clientesId` int(10))
BEGIN
	
	
UPDATE clientes 
SET estado =IF(estado = 1,0,1) WHERE
	empresa_id = empresaId 
	AND id = clientesId;
	
call getClientesAll(empresaId);

END
;;
delimiter ;

-- ----------------------------
-- Procedure structure for BloquearUsuario
-- ----------------------------
DROP PROCEDURE IF EXISTS `BloquearUsuario`;
delimiter ;;
CREATE PROCEDURE `BloquearUsuario`(IN `empresaId` int(10),IN `usuarioId` int(10))
BEGIN
	
	UPDATE usuario 
SET estado =
IF
	( estado = 1, 0, 1 ) 
WHERE
	id = usuarioId 
	AND empresa_id = empresaId;
	
	CALL getUsuariosAll(empresaId);
	

END
;;
delimiter ;

-- ----------------------------
-- Procedure structure for BuscarClientes
-- ----------------------------
DROP PROCEDURE IF EXISTS `BuscarClientes`;
delimiter ;;
CREATE PROCEDURE `BuscarClientes`(IN `empresaId` int(10),IN bus VARCHAR(200))
BEGIN
	
SELECT
	a.id,
	a.empresa_id,
	a.cedula,
	a.nombre,
	a.direccion,
	a.negocio,
	a.ubicacion,
	a.telefon1,
	a.telefon2,
	a.estadocivil,
	a.sexo,
	a.email,
	IF
	(
		(
		SELECT
			SUM(
				( monto - cappag ) + ( interes - intpag ) + ( mora - morpag ) + ( otros - otrpag ) + ( seguro - segpag ) 
			) 
		FROM
			prestamos 
		WHERE
			clientes_id = a.id 
			AND empresa_id = empresaId 
		) > 0,
		(
		SELECT
			SUM(
				( monto - cappag ) + ( interes - intpag ) + ( mora - morpag ) + ( otros - otrpag ) + ( seguro - segpag ) 
			) 
		FROM
			prestamos 
		WHERE
			clientes_id = a.id 
			AND empresa_id = empresaId 
		),
		0 
	) AS balance,
	a.estado
FROM
	clientes a
WHERE
	a.empresa_id = empresaId 
	AND CONCAT_WS( "", a.nombre, a.direccion, a.negocio,a.ubicacion, a.telefon1, a.telefon2, a.estadocivil ) LIKE bus;
END
;;
delimiter ;

-- ----------------------------
-- Procedure structure for BuscarClientesPrestamos
-- ----------------------------
DROP PROCEDURE IF EXISTS `BuscarClientesPrestamos`;
delimiter ;;
CREATE PROCEDURE `BuscarClientesPrestamos`(IN `empresaId` int(10),IN bus VARCHAR(200))
BEGIN
SELECT
	a.id,
	a.empresa_id,
	a.cedula,
	a.nombre,
	a.direccion,
	a.negocio,
	a.ubicacion,
	a.telefon1,
	a.telefon2,
	a.estadocivil,
	a.sexo,
	a.email,
IF
	(
		(
		SELECT
			SUM(
				( monto - cappag ) + ( interes - intpag ) + ( mora - morpag ) + ( otros - otrpag ) + ( seguro - segpag ) 
			) 
		FROM
			prestamos 
		WHERE
			clientes_id = a.id 
			AND empresa_id = empresaId 
		) > 0,
		(
		SELECT
			SUM(
				( monto - cappag ) + ( interes - intpag ) + ( mora - morpag ) + ( otros - otrpag ) + ( seguro - segpag ) 
			) 
		FROM
			prestamos 
		WHERE
			clientes_id = a.id 
			AND empresa_id = empresaId 
		),
		0 
	) AS balance,
	estado 
FROM
	clientes a 
WHERE
	empresa_id = empresaId 
	AND CONCAT_WS( "", nombre, direccion, negocio, ubicacion, telefon1, telefon2, estadocivil ) LIKE bus 
	AND estado = 1;
END
;;
delimiter ;

-- ----------------------------
-- Procedure structure for BuscarPagosClientes
-- ----------------------------
DROP PROCEDURE IF EXISTS `BuscarPagosClientes`;
delimiter ;;
CREATE PROCEDURE `BuscarPagosClientes`(IN `empresaId` int(10),IN `bus` varchar(200),IN op int(1))
BEGIN
	
	
	
	IF op = 1 THEN 
		
	SELECT
  a.id,
	b.id AS prestamos_id,
	c.nombre,
	a.fecha,
	a.detalle_pago,
	a.tcapital,
	a.tinteres,
	a.tseguro,
	a.totros,
	a.tmora,
	a.balance,
	a.atrasos,
	a.estado 
FROM
	pagos a
	INNER JOIN prestamos b ON ( a.empresa_id = b.empresa_id AND a.prestamos_id = b.id )
	INNER JOIN clientes c ON ( b.empresa_id = c.empresa_id AND b.clientes_id = c.id ) 
WHERE
	a.empresa_id = empresaId 
	AND CONCAT_WS( "", c.cedula, c.nombre, c.direccion, c.telefon1, c.telefon2 ) LIKE bus
ORDER BY
	a.id DESC;
									
									
	ELSE IF op = 2 THEN 
	
	SELECT
	a.id,
	b.id AS prestamos_id,
	c.nombre,
	a.fecha,
	a.detalle_pago,
	a.tcapital,
	a.tinteres,
	a.tseguro,
	a.totros,
	a.tmora,
	a.balance,
	a.atrasos,
	a.estado 
FROM
	pagos a
	INNER JOIN prestamos b ON ( a.empresa_id = b.empresa_id AND a.prestamos_id = b.id )
	INNER JOIN clientes c ON ( b.empresa_id = c.empresa_id AND b.clientes_id = c.id ) 
WHERE
	a.empresa_id = empresaId 
	AND CONCAT_WS( "", c.cedula, c.nombre, c.direccion, c.telefon1, c.telefon2 ) LIKE bus AND a.estado=1 
ORDER BY
	a.id DESC;
	
	ELSE IF op = 3 THEN 
	
	SELECT
		a.id,
	b.id AS prestamos_id,
	c.nombre,
	a.fecha,
	a.detalle_pago,
	a.tcapital,
	a.tinteres,
	a.tseguro,
	a.totros,
	a.tmora,
	a.balance,
	a.atrasos,
	a.estado 
FROM
	pagos a
	INNER JOIN prestamos b ON ( a.empresa_id = b.empresa_id AND a.prestamos_id = b.id )
	INNER JOIN clientes c ON ( b.empresa_id = c.empresa_id AND b.clientes_id = c.id ) 
WHERE
	a.empresa_id = empresaId 
	AND CONCAT_WS( "", c.cedula, c.nombre, c.direccion, c.telefon1, c.telefon2 ) LIKE bus  AND a.estado=0 
ORDER BY
	a.id DESC;
	
	END IF;
	END IF;
	END IF;

END
;;
delimiter ;

-- ----------------------------
-- Procedure structure for BuscarUsuarios
-- ----------------------------
DROP PROCEDURE IF EXISTS `BuscarUsuarios`;
delimiter ;;
CREATE PROCEDURE `BuscarUsuarios`(IN empresaid int(10),IN `bus` varchar(100))
BEGIN
	
		SELECT
	a.id,
	a.nombre,
	a.cuenta,
	b.descripcion AS tipo,
	a.estado 
FROM
	usuario a
	INNER JOIN tipos b ON a.tipo_id = b.id 
WHERE
a.empresa_id=empresaid AND CONCAT_WS("",a.nombre,a.cuenta,b.descripcion) LIKE bus;

END
;;
delimiter ;

-- ----------------------------
-- Procedure structure for cambiarContrasena
-- ----------------------------
DROP PROCEDURE IF EXISTS `cambiarContrasena`;
delimiter ;;
CREATE PROCEDURE `cambiarContrasena`(IN `empresaId` int(10),IN `usuarioId` int(10),IN `cue` varchar(100),IN `connueva` varchar(100))
BEGIN
	
	
UPDATE usuario 
SET clave = connueva 
WHERE
	empresa_id = empresaId 
	AND id = usuarioId 
	AND cuenta = cue;
	
	CALL getUsuariosAll(empresaId);
	

END
;;
delimiter ;

-- ----------------------------
-- Procedure structure for CancelarPagos
-- ----------------------------
DROP PROCEDURE IF EXISTS `CancelarPagos`;
delimiter ;;
CREATE PROCEDURE `CancelarPagos`(IN `empresaId` int(10),IN `prestamosId` int(20),IN `pagosId` int(20),IN `tcap` double(15,2),IN `tint` double(15,2),IN `tsegu` double(15,2),IN `totr` double(15,2),IN `tmor` double(15,2),IN `moti` text,IN `usuarioId` int(10))
BEGIN
	
	
	#Actualizar prestamos
	UPDATE prestamos SET cappag=cappag-tcap,
											 intpag=intpag-tint,
											 morpag=morpag-tmor,
											 otrpag=otrpag-totr,
											 segpag=segpag-tsegu
	WHERE empresa_id= empresaId AND id = prestamosId;
	
	#Update pagos
	UPDATE pagos SET 
	       estado=0,
				 fecha_canc = DATE_FORMAT(now(),"%d/%m/%Y"),
				 motivo = moti,
				 usuario_id = usuarioId
				 WHERE id = pagosId AND prestamos_id=prestamosId AND empresa_id=empresaId;				 
	
END
;;
delimiter ;

-- ----------------------------
-- Procedure structure for ContarUsuarios
-- ----------------------------
DROP PROCEDURE IF EXISTS `ContarUsuarios`;
delimiter ;;
CREATE PROCEDURE `ContarUsuarios`()
BEGIN
select count(id) as total from `usuario`;
END
;;
delimiter ;

-- ----------------------------
-- Procedure structure for DeleteReferencias
-- ----------------------------
DROP PROCEDURE IF EXISTS `DeleteReferencias`;
delimiter ;;
CREATE PROCEDURE `DeleteReferencias`(IN `empresaId` int(10),IN `clientesId` int(10),IN `nomb` varchar(200))
BEGIN
	
	DELETE FROM referencias WHERE empresa_id = empresaId AND clientes_id = clientesId AND nombres = nomb;
	
	CALL getReferencias(empresaId,clientesId);
	
END
;;
delimiter ;

-- ----------------------------
-- Procedure structure for DeleteTrabajos
-- ----------------------------
DROP PROCEDURE IF EXISTS `DeleteTrabajos`;
delimiter ;;
CREATE PROCEDURE `DeleteTrabajos`(IN `empresaId` int(10),IN `clientesId` int(10),IN `nomb` varchar(200))
BEGIN
	
	DELETE FROM trabajos WHERE empresa_id = empresaId AND clientes_id = clientesId AND nombre = nomb;
	
	CALL getTrabajos(empresaId,clientesId);
	
END
;;
delimiter ;

-- ----------------------------
-- Procedure structure for EliminarClientes
-- ----------------------------
DROP PROCEDURE IF EXISTS `EliminarClientes`;
delimiter ;;
CREATE PROCEDURE `EliminarClientes`(IN `empresaId` int(10),IN `clientesId` int(10))
BEGIN

IF(SELECT
	count( id ) AS informacion 
FROM
	prestamos 
WHERE
	empresa_id = empresaId 
	AND clientes_id = clientesId) = 0 THEN
	

DELETE FROM trabajos WHERE
	empresa_id = empresaId 
	AND clientes_id = clientesId;	
		
DELETE FROM referencias WHERE
	empresa_id = empresaId 
	AND clientes_id = clientesId;	
	
		
DELETE FROM clientes WHERE
	empresa_id = empresaId 
	AND id = clientesId;	
	
	
	SELECT 1 as informacion;
	
	ELSE
	
	SELECT 0 as informacion;
	
	END IF;

END
;;
delimiter ;

-- ----------------------------
-- Procedure structure for ExistClientes
-- ----------------------------
DROP PROCEDURE IF EXISTS `ExistClientes`;
delimiter ;;
CREATE PROCEDURE `ExistClientes`(IN `empresaId` int(10),IN ced VARCHAR(200))
BEGIN
	
SELECT
	id,
	empresa_id,
	cedula,
	nombre,
	direccion,
	negocio,
	ubicacion,
	telefon1,
	telefon2,
	estadocivil,
	sexo,
	email 
FROM
	clientes 
	WHERE empresa_id =empresaId AND cedula = ced;	 
	
	
END
;;
delimiter ;

-- ----------------------------
-- Procedure structure for ExisteConfiguracion
-- ----------------------------
DROP PROCEDURE IF EXISTS `ExisteConfiguracion`;
delimiter ;;
CREATE PROCEDURE `ExisteConfiguracion`(IN empresaId int(10),IN `nom` varchar(100))
BEGIN
SELECT
	count( id ) AS existe 
FROM
	configuracion 
WHERE
	descripcion = nom 
	AND empresa_id = empresaId;
END
;;
delimiter ;

-- ----------------------------
-- Procedure structure for ExisteCuenta
-- ----------------------------
DROP PROCEDURE IF EXISTS `ExisteCuenta`;
delimiter ;;
CREATE PROCEDURE `ExisteCuenta`(IN empresaId int(10),IN `cuen` varchar(100))
BEGIN
SELECT
	count( id ) AS existe 
FROM
	usuario 
WHERE
	cuenta = cuen 
	AND empresa_id = empresaId;
END
;;
delimiter ;

-- ----------------------------
-- Procedure structure for ExisteRutas
-- ----------------------------
DROP PROCEDURE IF EXISTS `ExisteRutas`;
delimiter ;;
CREATE PROCEDURE `ExisteRutas`(IN empresaId int(10),IN `nom` varchar(100))
BEGIN
SELECT
	count( id ) AS existe 
FROM
	rutas 
WHERE
	nombres = nom 
	AND empresa_id = empresaId;
END
;;
delimiter ;

-- ----------------------------
-- Procedure structure for getBuscarPrestamosClientes
-- ----------------------------
DROP PROCEDURE IF EXISTS `getBuscarPrestamosClientes`;
delimiter ;;
CREATE PROCEDURE `getBuscarPrestamosClientes`(IN `empresaid` int(10),IN `bus` VARCHAR(200))
BEGIN
	
	SELECT
	b.id,
	a.empresa_id,
	a.id AS clientes_id,	
	b.tipoprestamos_id,
	b.cantidadplazos,
	b.minteres,
	a.nombre,
	b.monto,
	( b.monto - b.cappag ) AS capital,
	( b.interes - b.intpag ) AS interes,
	b.cuota,
	b.inicio,
	b.vence,
	b.mora,
	( b.seguro - b.segpag ) AS seguro,
	( b.otros - b.otrpag ) AS otros,
	b.fecultpag,
	c.descripcion AS tipo,
	d.descripcion AS plazo,
	e.nombres,
	g.id as cobrador_id,
	h.nombre AS cobrador,
	(
		( b.monto - b.cappag ) + ( b.interes - b.intpag ) + ( b.seguro - b.segpag ) + ( b.otros - b.otrpag ) + ( b.mora - b.morpag ) 
	) AS balance,
	( b.cappag + b.intpag + b.segpag + b.otrpag + b.morpag ) AS pagado,
IF
	(
		(
		SELECT
			sum( ( capital - pcapital ) + ( interes - pinteres ) + ( seguro - pseguro ) ) 
		FROM
			cuotas 
		WHERE
		STR_TO_DATE( fecha, "%d/%m/%Y" ) < DATE_FORMAT( now( ), "%Y-%m-%d" ) AND empresa_id = b.empresa_id AND prestamos_id = b.id ) > 0,
		(
		SELECT
			sum( ( ( capital - pcapital ) + ( interes ) - pinteres ) + ( seguro - pseguro ) ) 
		FROM
			cuotas 
		WHERE
			STR_TO_DATE( fecha, "%d/%m/%Y" ) < DATE_FORMAT( now( ), "%Y-%m-%d" ) 
			AND empresa_id = b.empresa_id 
			AND prestamos_id = b.id 
		),
		0 
	) AS atrasadas,
	
	IF((SELECT
		( capital - pcapital ) + ( interes - pinteres ) + ( seguro - pseguro )
		FROM
		cuotas 
	WHERE
		( ( capital - pcapital ) + ( interes - pinteres ) + ( seguro - pseguro ) ) > 0 
		AND empresa_id = b.empresa_id 
		AND prestamos_id = b.id 
	ORDER BY
		npago ASC 
		LIMIT 1 
	)>0,(SELECT
		( capital - pcapital ) + ( interes - pinteres ) + ( seguro - pseguro )
		FROM
		cuotas 
	WHERE
		( ( capital - pcapital ) + ( interes - pinteres ) + ( seguro - pseguro ) ) > 0 
		AND empresa_id = b.empresa_id 
		AND prestamos_id = b.id 
	ORDER BY
		npago ASC 
		LIMIT 1 ),0) AS siguiente,
	(
	SELECT
		count( npago ) 
	FROM
		cuotas 
	WHERE
		( ( capital - pcapital ) + ( interes - pinteres ) + ( seguro - pseguro ) ) = 0 
		AND empresa_id = b.empresa_id 
		AND prestamos_id = b.id 
	) AS pagadas,
	(
	SELECT
		count( npago ) 
	FROM
		cuotas 
	WHERE
		( ( capital - pcapital ) + ( interes - pinteres ) + ( seguro - pseguro ) ) > 0 
		AND STR_TO_DATE( fecha, "%d/%m/%Y" ) < DATE_FORMAT( now( ), "%Y-%m-%d" ) 
		AND empresa_id = b.empresa_id 
		AND prestamos_id = b.id 
	) AS cuotaatrasadas
	 
FROM
	clientes a
	INNER JOIN prestamos b ON ( a.empresa_id = b.empresa_id AND a.id = b.clientes_id )
	INNER JOIN tipoprestamos c ON ( c.id = b.tipoprestamos_id )
	INNER JOIN plazos d ON ( d.id = b.plazo_id )
	INNER JOIN rutas e ON ( e.empresa_id = b.empresa_id AND e.id = b.ruta_id )
	INNER JOIN cobradores_rutas f ON ( f.empresa_id = b.empresa_id AND f.cobradores_id = b.cobrador_id AND e.id = f.rutas_id )
	INNER JOIN cobradores g ON ( g.empresa_id = f.empresa_id AND g.id = f.cobradores_id )
	INNER JOIN usuario h ON ( h.empresa_id = g.empresa_id AND g.usuario_id = h.id ) 
WHERE
	b.empresa_id = empresaid 
	AND CONCAT_WS( "",a.nombre,a.cedula,a.direccion,a.telefon1,a.telefon2,a.estadocivil) like bus order by b.id ASC;
										 
END
;;
delimiter ;

-- ----------------------------
-- Procedure structure for getBuscarPrestamosClientesFechas
-- ----------------------------
DROP PROCEDURE IF EXISTS `getBuscarPrestamosClientesFechas`;
delimiter ;;
CREATE PROCEDURE `getBuscarPrestamosClientesFechas`(IN `empresaid` int(10),IN `ini` VARCHAR(20),IN fin VARCHAR(20))
BEGIN
	
	SELECT
	b.id,
	a.empresa_id,
	a.id AS clientes_id,	
	b.tipoprestamos_id,
	b.cantidadplazos,
	b.minteres,
	a.nombre,
	b.monto,
	( b.monto - b.cappag ) AS capital,
	( b.interes - b.intpag ) AS interes,
	b.cuota,
	b.inicio,
	b.vence,
	b.mora,
	( b.seguro - b.segpag ) AS seguro,
	( b.otros - b.otrpag ) AS otros,
	b.fecultpag,
	c.descripcion AS tipo,
	d.descripcion AS plazo,
	e.nombres,
	g.id as cobrador_id,
	h.nombre AS cobrador,
	(
		( b.monto - b.cappag ) + ( b.interes - b.intpag ) + ( b.seguro - b.segpag ) + ( b.otros - b.otrpag ) + ( b.mora - b.morpag ) 
	) AS balance,
	( b.cappag + b.intpag + b.segpag + b.otrpag + b.morpag ) AS pagado,
IF
	(
		(
		SELECT
			sum( ( capital - pcapital ) + ( interes - pinteres ) + ( seguro - pseguro ) ) 
		FROM
			cuotas 
		WHERE
		STR_TO_DATE( fecha, "%d/%m/%Y" ) < DATE_FORMAT( now( ), "%Y-%m-%d" ) AND empresa_id = b.empresa_id AND prestamos_id = b.id ) > 0,
		(
		SELECT
			sum( ( ( capital - pcapital ) + ( interes ) - pinteres ) + ( seguro - pseguro ) ) 
		FROM
			cuotas 
		WHERE
			STR_TO_DATE( fecha, "%d/%m/%Y" ) < DATE_FORMAT( now( ), "%Y-%m-%d" ) 
			AND empresa_id = b.empresa_id 
			AND prestamos_id = b.id 
		),
		0 
	) AS atrasadas,
	
	IF((SELECT
		( capital - pcapital ) + ( interes - pinteres ) + ( seguro - pseguro )
		FROM
		cuotas 
	WHERE
		( ( capital - pcapital ) + ( interes - pinteres ) + ( seguro - pseguro ) ) > 0 
		AND empresa_id = b.empresa_id 
		AND prestamos_id = b.id 
	ORDER BY
		npago ASC 
		LIMIT 1 
	)>0,(SELECT
		( capital - pcapital ) + ( interes - pinteres ) + ( seguro - pseguro )
		FROM
		cuotas 
	WHERE
		( ( capital - pcapital ) + ( interes - pinteres ) + ( seguro - pseguro ) ) > 0 
		AND empresa_id = b.empresa_id 
		AND prestamos_id = b.id 
	ORDER BY
		npago ASC 
		LIMIT 1 ),0) AS siguiente,
	(
	SELECT
		count( npago ) 
	FROM
		cuotas 
	WHERE
		( ( capital - pcapital ) + ( interes - pinteres ) + ( seguro - pseguro ) ) = 0 
		AND empresa_id = b.empresa_id 
		AND prestamos_id = b.id 
	) AS pagadas,
	(
	SELECT
		count( npago ) 
	FROM
		cuotas 
	WHERE
		( ( capital - pcapital ) + ( interes - pinteres ) + ( seguro - pseguro ) ) > 0 
		AND STR_TO_DATE( fecha, "%d/%m/%Y" ) < DATE_FORMAT( now( ), "%Y-%m-%d" ) 
		AND empresa_id = b.empresa_id 
		AND prestamos_id = b.id 
	) AS cuotaatrasadas
	 
FROM
	clientes a
	INNER JOIN prestamos b ON ( a.empresa_id = b.empresa_id AND a.id = b.clientes_id )
	INNER JOIN tipoprestamos c ON ( c.id = b.tipoprestamos_id )
	INNER JOIN plazos d ON ( d.id = b.plazo_id )
	INNER JOIN rutas e ON ( e.empresa_id = b.empresa_id AND e.id = b.ruta_id )
	INNER JOIN cobradores_rutas f ON ( f.empresa_id = b.empresa_id AND f.cobradores_id = b.cobrador_id AND e.id = f.rutas_id )
	INNER JOIN cobradores g ON ( g.empresa_id = f.empresa_id AND g.id = f.cobradores_id )
	INNER JOIN usuario h ON ( h.empresa_id = g.empresa_id AND g.usuario_id = h.id ) 
WHERE
	b.empresa_id = empresaid 
	AND  STR_TO_DATE( fecha, "%d/%m/%Y" ) BETWEEN  STR_TO_DATE(ini, "%d/%m/%Y" ) AND STR_TO_DATE( fin, "%d/%m/%Y" )  order by b.id ASC;
										 
END
;;
delimiter ;

-- ----------------------------
-- Procedure structure for getBuscarPrestamosClientesTipoPrestamos
-- ----------------------------
DROP PROCEDURE IF EXISTS `getBuscarPrestamosClientesTipoPrestamos`;
delimiter ;;
CREATE PROCEDURE `getBuscarPrestamosClientesTipoPrestamos`(IN `empresaid` int(10),IN `tipopres`int(5))
BEGIN
	
	SELECT
	b.id,
	a.empresa_id,
	a.id AS clientes_id,	
	b.tipoprestamos_id,
	b.cantidadplazos,
	b.minteres,
	a.nombre,
	b.monto,
	( b.monto - b.cappag ) AS capital,
	( b.interes - b.intpag ) AS interes,
	b.cuota,
	b.inicio,
	b.vence,
	b.mora,
	( b.seguro - b.segpag ) AS seguro,
	( b.otros - b.otrpag ) AS otros,
	b.fecultpag,
	c.descripcion AS tipo,
	d.descripcion AS plazo,
	e.nombres,
	g.id as cobrador_id,
	h.nombre AS cobrador,
	(
		( b.monto - b.cappag ) + ( b.interes - b.intpag ) + ( b.seguro - b.segpag ) + ( b.otros - b.otrpag ) + ( b.mora - b.morpag ) 
	) AS balance,
	( b.cappag + b.intpag + b.segpag + b.otrpag + b.morpag ) AS pagado,
IF
	(
		(
		SELECT
			sum( ( capital - pcapital ) + ( interes - pinteres ) + ( seguro - pseguro ) ) 
		FROM
			cuotas 
		WHERE
		STR_TO_DATE( fecha, "%d/%m/%Y" ) < DATE_FORMAT( now( ), "%Y-%m-%d" ) AND empresa_id = b.empresa_id AND prestamos_id = b.id ) > 0,
		(
		SELECT
			sum( ( ( capital - pcapital ) + ( interes ) - pinteres ) + ( seguro - pseguro ) ) 
		FROM
			cuotas 
		WHERE
			STR_TO_DATE( fecha, "%d/%m/%Y" ) < DATE_FORMAT( now( ), "%Y-%m-%d" ) 
			AND empresa_id = b.empresa_id 
			AND prestamos_id = b.id 
		),
		0 
	) AS atrasadas,
	
	IF((SELECT
		( capital - pcapital ) + ( interes - pinteres ) + ( seguro - pseguro )
		FROM
		cuotas 
	WHERE
		( ( capital - pcapital ) + ( interes - pinteres ) + ( seguro - pseguro ) ) > 0 
		AND empresa_id = b.empresa_id 
		AND prestamos_id = b.id 
	ORDER BY
		npago ASC 
		LIMIT 1 
	)>0,(SELECT
		( capital - pcapital ) + ( interes - pinteres ) + ( seguro - pseguro )
		FROM
		cuotas 
	WHERE
		( ( capital - pcapital ) + ( interes - pinteres ) + ( seguro - pseguro ) ) > 0 
		AND empresa_id = b.empresa_id 
		AND prestamos_id = b.id 
	ORDER BY
		npago ASC 
		LIMIT 1 ),0) AS siguiente,
	(
	SELECT
		count( npago ) 
	FROM
		cuotas 
	WHERE
		( ( capital - pcapital ) + ( interes - pinteres ) + ( seguro - pseguro ) ) = 0 
		AND empresa_id = b.empresa_id 
		AND prestamos_id = b.id 
	) AS pagadas,
	(
	SELECT
		count( npago ) 
	FROM
		cuotas 
	WHERE
		( ( capital - pcapital ) + ( interes - pinteres ) + ( seguro - pseguro ) ) > 0 
		AND STR_TO_DATE( fecha, "%d/%m/%Y" ) < DATE_FORMAT( now( ), "%Y-%m-%d" ) 
		AND empresa_id = b.empresa_id 
		AND prestamos_id = b.id 
	) AS cuotaatrasadas
	 
FROM
	clientes a
	INNER JOIN prestamos b ON ( a.empresa_id = b.empresa_id AND a.id = b.clientes_id )
	INNER JOIN tipoprestamos c ON ( c.id = b.tipoprestamos_id )
	INNER JOIN plazos d ON ( d.id = b.plazo_id )
	INNER JOIN rutas e ON ( e.empresa_id = b.empresa_id AND e.id = b.ruta_id )
	INNER JOIN cobradores_rutas f ON ( f.empresa_id = b.empresa_id AND f.cobradores_id = b.cobrador_id AND e.id = f.rutas_id )
	INNER JOIN cobradores g ON ( g.empresa_id = f.empresa_id AND g.id = f.cobradores_id )
	INNER JOIN usuario h ON ( h.empresa_id = g.empresa_id AND g.usuario_id = h.id ) 
WHERE
	b.empresa_id = empresaid 
	AND  b.tipoprestamos_id=tipopres order by b.id ASC;
										 
END
;;
delimiter ;

-- ----------------------------
-- Procedure structure for getClientesAll
-- ----------------------------
DROP PROCEDURE IF EXISTS `getClientesAll`;
delimiter ;;
CREATE PROCEDURE `getClientesAll`(IN `empresaId` int(10))
BEGIN
	
SELECT
	a.id,
	a.empresa_id,
	a.cedula,
	a.nombre,
	a.direccion,
	a.negocio,
	a.ubicacion,
	a.telefon1,
	a.telefon2,
	a.estadocivil,
	a.sexo,
	a.email,
	IF
	(
		(
		SELECT
			SUM(
				( monto - cappag ) + ( interes - intpag ) + ( mora - morpag ) + ( otros - otrpag ) + ( seguro - segpag ) 
			) 
		FROM
			prestamos 
		WHERE
			clientes_id = a.id 
			AND empresa_id = empresaId 
		) > 0,
		(
		SELECT
			SUM(
				( monto - cappag ) + ( interes - intpag ) + ( mora - morpag ) + ( otros - otrpag ) + ( seguro - segpag ) 
			) 
		FROM
			prestamos 
		WHERE
			clientes_id = a.id 
			AND empresa_id = empresaId 
		),
		0 
	) AS balance,
	estado
FROM
	clientes a
	WHERE a.empresa_id =empresaId;	 
	
	
END
;;
delimiter ;

-- ----------------------------
-- Procedure structure for getClientesId
-- ----------------------------
DROP PROCEDURE IF EXISTS `getClientesId`;
delimiter ;;
CREATE PROCEDURE `getClientesId`(IN `empresaId` int(10),IN clientesId int(10))
BEGIN
	
SELECT
	a.id,
	a.empresa_id,
	a.cedula,
	a.nombre,
	a.direccion,
	a.negocio,
	a.ubicacion,
	a.telefon1,
	a.telefon2,
	a.estadocivil,
	a.sexo,
	a.email,
	IF
	(
		(
		SELECT
			SUM(
				( monto - cappag ) + ( interes - intpag ) + ( mora - morpag ) + ( otros - otrpag ) + ( seguro - segpag ) 
			) 
		FROM
			prestamos 
		WHERE
			clientes_id =a.id 
			AND empresa_id = empresaId 
		) > 0,
		(
		SELECT
			SUM(
				( monto - cappag ) + ( interes - intpag ) + ( mora - morpag ) + ( otros - otrpag ) + ( seguro - segpag ) 
			) 
		FROM
			prestamos 
		WHERE
			clientes_id = a.id 
			AND empresa_id = empresaId 
		),
		0 
	) AS balance,
	a.estado
FROM
	clientes a  
	WHERE a.empresa_id =empresaId AND a.id = clientesId;	 
	
	
END
;;
delimiter ;

-- ----------------------------
-- Procedure structure for getConfiguracionAll
-- ----------------------------
DROP PROCEDURE IF EXISTS `getConfiguracionAll`;
delimiter ;;
CREATE PROCEDURE `getConfiguracionAll`(IN `empresaId` int(10))
BEGIN
		
SELECT
	id,
	empresa_id,
	descripcion AS nombre,
	valor,
	estado 
FROM
	configuracion 
WHERE
	empresa_id = empresaId;
	
END
;;
delimiter ;

-- ----------------------------
-- Procedure structure for getConfiguracionAllActiva
-- ----------------------------
DROP PROCEDURE IF EXISTS `getConfiguracionAllActiva`;
delimiter ;;
CREATE PROCEDURE `getConfiguracionAllActiva`(IN `empresaId` int(10))
BEGIN
		
SELECT
	id,
	descripcion AS nombre,
	valor	 
FROM
	configuracion 
WHERE
	empresa_id = empresaId AND estado=1;
	
END
;;
delimiter ;

-- ----------------------------
-- Procedure structure for getConfiguracionId
-- ----------------------------
DROP PROCEDURE IF EXISTS `getConfiguracionId`;
delimiter ;;
CREATE PROCEDURE `getConfiguracionId`(IN `empresaId` int(10),IN configId int(10))
BEGIN
		
SELECT
	id,
	empresa_id,
	descripcion AS nombre,
	valor,
	estado 
FROM
	configuracion 
WHERE
	empresa_id = empresaId AND id = configId;
	
END
;;
delimiter ;

-- ----------------------------
-- Procedure structure for getCuotasPrestamosAll
-- ----------------------------
DROP PROCEDURE IF EXISTS `getCuotasPrestamosAll`;
delimiter ;;
CREATE PROCEDURE `getCuotasPrestamosAll`(IN `empresaid` int(10),IN `prestamosId` int(10))
BEGIN
		
SELECT
	npago AS linea,
	fecha,
	( capital - pcapital ) AS capital,
	( interes - pinteres ) AS interes,
	( seguro - pseguro ) AS seguro,
IF
	(
		( ( capital - pcapital ) + ( interes - pinteres ) + ( seguro - pseguro ) ) = 0,
		"SALDADA",
	IF
		(
			(
				( ( capital - pcapital ) + ( interes - pinteres ) + ( seguro - pseguro ) ) > 0 
				AND STR_TO_DATE( fecha, "%d/%m/%Y" ) < DATE_FORMAT( now( ), "%Y-%m-%d" ) 
			),
			"VENCIDA",
			"A TIEMPO" 
		) 
	) AS estado 
FROM
	cuotas 
WHERE
	empresa_id = empresaid 
	AND prestamos_id = prestamosId;
	
END
;;
delimiter ;

-- ----------------------------
-- Procedure structure for getCuotasPrestamosClientes
-- ----------------------------
DROP PROCEDURE IF EXISTS `getCuotasPrestamosClientes`;
delimiter ;;
CREATE PROCEDURE `getCuotasPrestamosClientes`(IN `empresaid` int(10),IN `prestamosId` int(10))
BEGIN
		
SELECT
	npago AS linea,
	fecha,
	( capital - pcapital ) AS capital,
	( interes - pinteres ) AS interes,
	( seguro - pseguro ) AS seguro,
IF
	(
		( ( capital - pcapital ) + ( interes - pinteres ) + ( seguro - pseguro ) ) = 0,
		"SALDADA",
	IF
		(
			(
				( ( capital - pcapital ) + ( interes - pinteres ) + ( seguro - pseguro ) ) > 0 
				AND STR_TO_DATE( fecha, "%d/%m/%Y" ) < DATE_FORMAT( now( ), "%Y-%m-%d" ) 
			),
			"VENCIDA",
			"" 
		) 
	) AS estado 
FROM
	cuotas 
WHERE
	empresa_id = empresaid 
	AND prestamos_id = prestamosId AND ( ( capital - pcapital ) + ( interes - pinteres ) + ( seguro - pseguro ) ) > 0;
	
END
;;
delimiter ;

-- ----------------------------
-- Procedure structure for getCuotasVencidas
-- ----------------------------
DROP PROCEDURE IF EXISTS `getCuotasVencidas`;
delimiter ;;
CREATE PROCEDURE `getCuotasVencidas`(IN op int(1),IN `empresaId` int(10),IN `prestamsoId` int(20))
BEGIN


IF op = 1 THEN
	CALL getCuotasPrestamosClientes ( empresaId, prestamsoId );
	ELSE
	IF
		op = 2 THEN
		SELECT
			npago AS linea,
			fecha,
			( capital - pcapital ) AS capital,
			( interes - pinteres ) AS interes,
			( seguro - pseguro ) AS seguro,
		IF
			(
				( ( capital - pcapital ) + ( interes - pinteres ) + ( seguro - pseguro ) ) = 0,
				"SALDADA",
			IF
				(
					(
						( ( capital - pcapital ) + ( interes - pinteres ) + ( seguro - pseguro ) ) > 0 
						AND STR_TO_DATE( fecha, "%d/%m/%Y" ) < DATE_FORMAT( now( ), "%Y-%m-%d" ) 
					),
					"VENCIDA",
					"" 
				) 
			) AS estado 
		FROM
			cuotas 
		WHERE
			empresa_id = empresaid 
			AND prestamos_id = prestamsoId 
			AND STR_TO_DATE( fecha, "%d/%m/%Y" ) < DATE_FORMAT( now( ), "%Y-%m-%d" ) 
			AND ( ( capital - pcapital ) + ( interes - pinteres ) + ( seguro - pseguro ) ) > 0;
		ELSE
		IF
			op = 3 THEN
			SELECT
				npago AS linea,
				fecha,
				( capital - pcapital ) AS capital,
				( interes - pinteres ) AS interes,
				( seguro - pseguro ) AS seguro,
			IF
				(
					( ( capital - pcapital ) + ( interes - pinteres ) + ( seguro - pseguro ) ) = 0,
					"SALDADA",
				IF
					(
						(
							( ( capital - pcapital ) + ( interes - pinteres ) + ( seguro - pseguro ) ) > 0 
							AND STR_TO_DATE( fecha, "%d/%m/%Y" ) < DATE_FORMAT( now( ), "%Y-%m-%d" ) 
						),
						"VENCIDA",
						"" 
					) 
				) AS estado 
			FROM
				cuotas 
			WHERE
				empresa_id = empresaid 
				AND prestamos_id = prestamsoId 
				AND STR_TO_DATE( fecha, "%d/%m/%Y" ) < DATE_FORMAT( now( ), "%Y-%m-%d" ) 
				AND ( ( capital - pcapital ) + ( interes - pinteres ) + ( seguro - pseguro ) ) = 0;
			
		END IF;
		
	END IF;

END IF;

END
;;
delimiter ;

-- ----------------------------
-- Procedure structure for getDetallePagos
-- ----------------------------
DROP PROCEDURE IF EXISTS `getDetallePagos`;
delimiter ;;
CREATE PROCEDURE `getDetallePagos`(IN `empresaId` int(10),IN `pagosId` int(20))
BEGIN
	
	SELECT
     npago,
		 detalle,
		tcapital,
		 tinteres,
		 tseguro,
		 totros,
		 tmora,
		 balance,
		 atrasos
		 	 
		 FROM detalle_pagos WHERE empresa_id=empresaId AND pagos_id=pagosId;
	
	

END
;;
delimiter ;

-- ----------------------------
-- Procedure structure for getEmpresa
-- ----------------------------
DROP PROCEDURE IF EXISTS `getEmpresa`;
delimiter ;;
CREATE PROCEDURE `getEmpresa`(IN ids int(10))
BEGIN
	SELECT
	id,
	rnc,
	nombre,
	telefonos,
	direccion,
	eslogan,
	piepag1,
	piepag2,
	pcapital,
	pmora,
	email 
FROM
	empresa 
WHERE
	id = ids;
END
;;
delimiter ;

-- ----------------------------
-- Procedure structure for getEmpresaAll
-- ----------------------------
DROP PROCEDURE IF EXISTS `getEmpresaAll`;
delimiter ;;
CREATE PROCEDURE `getEmpresaAll`()
BEGIN
	SELECT
	id,
	rnc,
	nombre,
	telefonos,
	direccion,
	eslogan,
	piepag1,
	piepag2,
	pcapital,
	pmora,
	email 
FROM
	empresa;
END
;;
delimiter ;

-- ----------------------------
-- Procedure structure for getImprimirPrestamos
-- ----------------------------
DROP PROCEDURE IF EXISTS `getImprimirPrestamos`;
delimiter ;;
CREATE PROCEDURE `getImprimirPrestamos`(IN `empresaid` int(10),IN `prestamosid` int(20))
BEGIN
	
	SELECT
	    b.id,
			b.fecha,
	    a.cedula,
			a.nombre,
			a.telefon1,
			a.telefon2,
			a.direccion,
			a.sexo,
			(SELECT cedula FROM referencias WHERE clientes_id=a.id AND coodeudor=1 limit 1) as cedulacoodeudor,
			(SELECT nombres FROM referencias WHERE clientes_id=a.id AND coodeudor=1 limit 1) as coodeudor,
			(SELECT direccion FROM referencias WHERE clientes_id=a.id AND coodeudor=1 limit 1) as direccioncoodeudor,
			(SELECT sexo FROM referencias WHERE clientes_id=a.id AND coodeudor=1 limit 1) as sexocoodeudor,
			b.monto,
			b.cuota,
			b.inicio,
			b.vence,
			b.cantidadplazos,
			d.descripcion as plazo
					
			FROM clientes a INNER JOIN prestamos b ON(a.empresa_id = b.empresa_id AND a.id = b.clientes_id)
			                INNER JOIN plazos d ON(b.plazo_id=d.id) WHERE a.empresa_id = empresaid AND b.id=prestamosid;
	
	
	
	

END
;;
delimiter ;

-- ----------------------------
-- Procedure structure for getPagosClientesFechas
-- ----------------------------
DROP PROCEDURE IF EXISTS `getPagosClientesFechas`;
delimiter ;;
CREATE PROCEDURE `getPagosClientesFechas`(IN `empresaId` int(10),IN `ini` varchar(20),IN fin varchar(20),IN op int(1))
BEGIN
	
	IF op = 1 THEN 
			SELECT
			a.id,
	b.id AS prestamos_id,
	c.nombre,
	a.fecha,
	a.detalle_pago,
	a.tcapital,
	a.tinteres,
	a.tseguro,
	a.totros,
	a.tmora,
	a.balance,
	a.atrasos,
	a.estado
			FROM
				pagos a
				INNER JOIN prestamos b ON ( a.empresa_id = b.empresa_id AND a.prestamos_id = b.id )
				INNER JOIN clientes c ON ( b.empresa_id = c.empresa_id AND b.clientes_id = c.id ) 
			WHERE
				a.empresa_id = empresaId 
				AND STR_TO_DATE( a.fecha, "%d/%m/%Y" ) BETWEEN STR_TO_DATE( ini, "%d/%m/%Y" ) 
				AND STR_TO_DATE( fin, "%d/%m/%Y" ) 
			ORDER BY
				a.id DESC;
				
	ELSE IF op = 2 THEN 
	
				SELECT
				a.id,
	b.id AS prestamos_id,
	c.nombre,
	a.fecha,
	a.detalle_pago,
	a.tcapital,
	a.tinteres,
	a.tseguro,
	a.totros,
	a.tmora,
	a.balance,
	a.atrasos,
	a.estado 
			FROM
				pagos a
				INNER JOIN prestamos b ON ( a.empresa_id = b.empresa_id AND a.prestamos_id = b.id )
				INNER JOIN clientes c ON ( b.empresa_id = c.empresa_id AND b.clientes_id = c.id ) 
			WHERE
				a.empresa_id = empresaId 
				AND STR_TO_DATE( a.fecha, "%d/%m/%Y" ) BETWEEN STR_TO_DATE( ini, "%d/%m/%Y" ) 
				AND STR_TO_DATE( fin, "%d/%m/%Y" ) AND a.estado=1 
			ORDER BY
				a.id DESC;
				

	
	ELSE IF op = 3 THEN 
	
			SELECT
				a.id,
				b.id AS prestamos_id,
				c.nombre,
				a.fecha,
				a.detalle_pago,
				a.tcapital,
				a.tinteres,
				a.tseguro,
				a.totros,
				a.tmora,
				a.balance,
				a.atrasos,
				a.estado
			FROM
				pagos a
				INNER JOIN prestamos b ON ( a.empresa_id = b.empresa_id AND a.prestamos_id = b.id )
				INNER JOIN clientes c ON ( b.empresa_id = c.empresa_id AND b.clientes_id = c.id ) 
			WHERE
				a.empresa_id = empresaId 
				AND STR_TO_DATE( a.fecha, "%d/%m/%Y" ) BETWEEN STR_TO_DATE( ini, "%d/%m/%Y" ) 
				AND STR_TO_DATE( fin, "%d/%m/%Y" ) AND a.estado=0 
			ORDER BY
				a.id DESC;
				
	END IF;
	END IF;
	END IF;
	

END
;;
delimiter ;

-- ----------------------------
-- Procedure structure for getpagosImprimir
-- ----------------------------
DROP PROCEDURE IF EXISTS `getpagosImprimir`;
delimiter ;;
CREATE PROCEDURE `getpagosImprimir`(IN empresaId int(10),IN pagosId int(20))
BEGIN
	
	SELECT
	
	    a.id,
			c.nombre,
			c.telefon1,
			c.telefon2,
			a.fecha,
			a.tcapital,
			a.tinteres,
			a.tseguro,
			a.tmora,
			e.nombre as cobrador
						
			FROM 
			
			pagos a INNER JOIN prestamos b ON(a.empresa_id = b.empresa_id AND a.prestamos_id = b.id)
			        INNER JOIN clientes c ON(b.empresa_id = c.empresa_id AND b.clientes_id = c.id)
							INNER JOIN cobradores d ON(c.empresa_id=d.empresa_id AND a.cobrador_id=d.id)
							INNER JOIN usuario e ON(d.empresa_id=e.empresa_id AND d.usuario_id=e.id)
							WHERE a.empresa_id=empresaId AND a.id = pagosId;
							
	
	
	
	
	
	
	

END
;;
delimiter ;

-- ----------------------------
-- Procedure structure for getPlazos
-- ----------------------------
DROP PROCEDURE IF EXISTS `getPlazos`;
delimiter ;;
CREATE PROCEDURE `getPlazos`(IN `empresaId` int)
BEGIN

SELECT id, descripcion, dias, meses FROM plazos;



END
;;
delimiter ;

-- ----------------------------
-- Procedure structure for getPrestamosClientes
-- ----------------------------
DROP PROCEDURE IF EXISTS `getPrestamosClientes`;
delimiter ;;
CREATE PROCEDURE `getPrestamosClientes`(IN `empresaid` int(10),IN `clientesId` int(10))
BEGIN
	
	SELECT
	b.id,
	a.empresa_id,
	a.id AS clientes_id,
	b.tipoprestamos_id,
	b.cantidadplazos,
	b.minteres,
	a.nombre,
	b.monto,
	( b.monto - b.cappag ) AS capital,
	( b.interes - b.intpag ) AS interes,
	b.cuota,
	b.inicio,
	b.vence,
	b.mora,
	( b.seguro - b.segpag ) AS seguro,
	( b.otros - b.otrpag ) AS otros,
	b.fecultpag,
	c.descripcion AS tipo,
	d.descripcion AS plazo,
	e.nombres,
	g.id as cobrador_id,
	h.nombre AS cobrador,
	(
		( b.monto - b.cappag ) + ( b.interes - b.intpag ) + ( b.seguro - b.segpag ) + ( b.otros - b.otrpag ) + ( b.mora - b.morpag ) 
	) AS balance,
	( b.cappag + b.intpag + b.segpag + b.otrpag + b.morpag ) AS pagado,
IF
	(
		(
		SELECT
			sum( ( capital - pcapital ) + ( interes - pinteres ) + ( seguro - pseguro ) ) 
		FROM
			cuotas 
		WHERE
		STR_TO_DATE( fecha, "%d/%m/%Y" ) < DATE_FORMAT( now( ), "%Y-%m-%d" ) AND empresa_id = b.empresa_id AND prestamos_id = b.id ) > 0,
		(
		SELECT
			sum( ( ( capital - pcapital ) + ( interes ) - pinteres ) + ( seguro - pseguro ) ) 
		FROM
			cuotas 
		WHERE
			STR_TO_DATE( fecha, "%d/%m/%Y" ) < DATE_FORMAT( now( ), "%Y-%m-%d" ) 
			AND empresa_id = b.empresa_id 
			AND prestamos_id = b.id 
		),
		0 
	) AS atrasadas,
	
	IF((SELECT
		( capital - pcapital ) + ( interes - pinteres ) + ( seguro - pseguro )
		FROM
		cuotas 
	WHERE
		( ( capital - pcapital ) + ( interes - pinteres ) + ( seguro - pseguro ) ) > 0 
		AND empresa_id = b.empresa_id 
		AND prestamos_id = b.id 
	ORDER BY
		npago ASC 
		LIMIT 1 
	)>0,(SELECT
		( capital - pcapital ) + ( interes - pinteres ) + ( seguro - pseguro )
		FROM
		cuotas 
	WHERE
		( ( capital - pcapital ) + ( interes - pinteres ) + ( seguro - pseguro ) ) > 0 
		AND empresa_id = b.empresa_id 
		AND prestamos_id = b.id 
	ORDER BY
		npago ASC 
		LIMIT 1 ),0) AS siguiente,
	(
	SELECT
		count( npago ) 
	FROM
		cuotas 
	WHERE
		( ( capital - pcapital ) + ( interes - pinteres ) + ( seguro - pseguro ) ) = 0 
		AND empresa_id = b.empresa_id 
		AND prestamos_id = b.id 
	) AS pagadas,
	(
	SELECT
		count( npago ) 
	FROM
		cuotas 
	WHERE
		( ( capital - pcapital ) + ( interes - pinteres ) + ( seguro - pseguro ) ) > 0 
		AND STR_TO_DATE( fecha, "%d/%m/%Y" ) < DATE_FORMAT( now( ), "%Y-%m-%d" ) 
		AND empresa_id = b.empresa_id 
		AND prestamos_id = b.id 
	) AS cuotaatrasadas
	 
FROM
	clientes a
	INNER JOIN prestamos b ON ( a.empresa_id = b.empresa_id AND a.id = b.clientes_id )
	INNER JOIN tipoprestamos c ON ( c.id = b.tipoprestamos_id )
	INNER JOIN plazos d ON ( d.id = b.plazo_id )
	INNER JOIN rutas e ON ( e.empresa_id = b.empresa_id AND e.id = b.ruta_id )
	INNER JOIN cobradores_rutas f ON ( f.empresa_id = b.empresa_id AND f.cobradores_id = b.cobrador_id AND e.id = f.rutas_id )
	INNER JOIN cobradores g ON ( g.empresa_id = f.empresa_id AND g.id = f.cobradores_id )
	INNER JOIN usuario h ON ( h.empresa_id = g.empresa_id AND g.usuario_id = h.id ) 
WHERE
	b.empresa_id = empresaid 
	AND b.clientes_id = clientesId 
	AND (
	( b.monto - b.cappag ) + ( b.interes - b.intpag ) + ( b.seguro - b.segpag ) + ( b.otros - b.otrpag ) + ( b.mora - b.morpag ) 
	) > 0 order by b.id ASC;
										 
END
;;
delimiter ;

-- ----------------------------
-- Procedure structure for getPrestamosClientesId
-- ----------------------------
DROP PROCEDURE IF EXISTS `getPrestamosClientesId`;
delimiter ;;
CREATE PROCEDURE `getPrestamosClientesId`(IN `empresaId` int(10),IN `clientesId` int(10))
BEGIN
	
	SELECT 
	 a.id,
	 a.fecha,
	 a.tipoprestamos_id,	 
	 a.minteres,
	 a.monto,
	 a.interes,	
	 a.mora,
	 (a.seguro-a.segpag) as seguro,
	  a.vence,
		a.fecultpag as ultimo,
		(a.monto+a.mora+a.interes+a.seguro+a.otros) as total,
		(a.cappag+a.intpag+a.otrpag+a.morpag+a.segpag) as pagado,
	 ((a.monto+a.mora+a.interes+a.seguro+a.otros)-(a.cappag+a.intpag+a.otrpag+a.morpag+a.segpag)) as balance,
	  IF(((a.monto+a.mora+a.interes+a.seguro+a.otros)-(a.cappag+a.intpag+a.otrpag+a.morpag+a.segpag))>0,"BALANCE","SALDADO") as estado
	 
	 FROM prestamos a 
	 WHERE a.empresa_id=empresaId AND a.clientes_id=clientesId;

END
;;
delimiter ;

-- ----------------------------
-- Procedure structure for getPrestamosClientesIdBalance
-- ----------------------------
DROP PROCEDURE IF EXISTS `getPrestamosClientesIdBalance`;
delimiter ;;
CREATE PROCEDURE `getPrestamosClientesIdBalance`(IN `empresaId` int(10),IN `clientesId` int(10),IN op int(1))
BEGIN
	
	IF op = 1 THEN 
	
	SELECT 
	 a.id,
	 a.fecha,
	 a.tipoprestamos_id,	 
	 a.minteres,
	 a.monto,
	 a.interes,	
	 a.mora,
	  a.vence,
		(a.seguro-a.segpag) as seguro,
		a.fecultpag as ultimo,
		(a.monto+a.mora+a.interes+a.seguro+a.otros) as total,
		(a.cappag+a.intpag+a.otrpag+a.morpag+a.segpag) as pagado,
	 ((a.monto+a.mora+a.interes+a.seguro+a.otros)-(a.cappag+a.intpag+a.otrpag+a.morpag+a.segpag)) as balance,
	 IF(((a.monto+a.mora+a.interes+a.seguro+a.otros)-(a.cappag+a.intpag+a.otrpag+a.morpag+a.segpag))>0,"BALANCE","SALDADO") as estado
	 
	 FROM prestamos a 
	 WHERE a.empresa_id=empresaId AND a.clientes_id=clientesId;
	
	ELSE IF op = 2 THEN 
	
		SELECT 
	 a.id,
	 a.fecha,
	 a.tipoprestamos_id,	 
	 a.minteres,
	 a.monto,
	 a.interes,	
	 a.mora,
	  a.vence,
		(a.seguro-a.segpag) as seguro,
		a.fecultpag as ultimo,
		(a.monto+a.mora+a.interes+a.seguro+a.otros) as total,
		(a.cappag+a.intpag+a.otrpag+a.morpag+a.segpag) as pagado,
	 ((a.monto+a.mora+a.interes+a.seguro+a.otros)-(a.cappag+a.intpag+a.otrpag+a.morpag+a.segpag)) as balance,
	 IF(((a.monto+a.mora+a.interes+a.seguro+a.otros)-(a.cappag+a.intpag+a.otrpag+a.morpag+a.segpag))>0,"BALANCE","SALDADO") as estado
	 
	 FROM prestamos a 
	 WHERE a.empresa_id=empresaId AND a.clientes_id=clientesId AND ((a.monto+a.mora+a.interes+a.seguro+a.otros)-(a.cappag+a.intpag+a.otrpag+a.morpag+a.segpag))>0;
	 
	 ELSE
	
	
	
	SELECT 
	 a.id,
	 a.fecha,
	 a.tipoprestamos_id,	 
	 a.minteres,
	 a.monto,
	 a.interes,	
	 a.mora,
	  a.vence,
		(a.seguro-a.segpag) as seguro,
		a.fecultpag as ultimo,
		(a.monto+a.mora+a.interes+a.seguro+a.otros) as total,
		(a.cappag+a.intpag+a.otrpag+a.morpag+a.segpag) as pagado,
	 ((a.monto+a.mora+a.interes+a.seguro+a.otros)-(a.cappag+a.intpag+a.otrpag+a.morpag+a.segpag)) as balance,
 IF(((a.monto+a.mora+a.interes+a.seguro+a.otros)-(a.cappag+a.intpag+a.otrpag+a.morpag+a.segpag))>0,"BALANCE","SALDADO") as estado	 
	 
	 FROM prestamos a 
	 WHERE a.empresa_id=empresaId AND a.clientes_id=clientesId AND ((a.monto+a.mora+a.interes+a.seguro+a.otros)-(a.cappag+a.intpag+a.otrpag+a.morpag+a.segpag))=0;
	 
	 
	 END IF;
	  END IF;

END
;;
delimiter ;

-- ----------------------------
-- Procedure structure for getPrestamosId
-- ----------------------------
DROP PROCEDURE IF EXISTS `getPrestamosId`;
delimiter ;;
CREATE PROCEDURE `getPrestamosId`(IN `empresaid` int(10),IN `prestamsoId` int(20))
BEGIN
SELECT
	b.id,
	a.empresa_id,
	a.id AS clientes_id,
	b.tipoprestamos_id,
	b.cantidadplazos,
	b.minteres,
	a.nombre,
	b.monto,
	( b.monto - b.cappag ) AS capital,
	( b.interes - b.intpag ) AS interes,
	b.cuota,
	b.inicio,
	b.vence,
	b.mora,
	( b.seguro - b.segpag ) AS seguro,
	( b.otros - b.otrpag ) AS otros,
	b.fecultpag,
	c.descripcion AS tipo,
	d.descripcion AS plazo,
	e.nombres,
	g.id as cobrador_id,
	h.nombre AS cobrador,
	(
		( b.monto - b.cappag ) + ( b.interes - b.intpag ) + ( b.seguro - b.segpag ) + ( b.otros - b.otrpag ) + ( b.mora - b.morpag ) 
	) AS balance,
IF
	(
		(
		SELECT
			sum( ( capital - pcapital ) + ( interes - pinteres ) + ( seguro - pseguro ) ) 
		FROM
			cuotas 
		WHERE
		STR_TO_DATE( fecha, "%d/%m/%Y" ) < DATE_FORMAT( now( ), "%Y-%m-%d" ) AND empresa_id = b.empresa_id AND prestamos_id = b.id ) > 0,
		(
		SELECT
			sum( ( ( capital - pcapital ) + ( interes ) - pinteres ) + ( seguro - pseguro ) ) 
		FROM
			cuotas 
		WHERE
			STR_TO_DATE( fecha, "%d/%m/%Y" ) < DATE_FORMAT( now( ), "%Y-%m-%d" ) 
			AND empresa_id = b.empresa_id 
			AND prestamos_id = b.id 
		),
		0 
	) AS atrasadas,
	IF((SELECT
		( capital - pcapital ) + ( interes - pinteres ) + ( seguro - pseguro )
		FROM
		cuotas 
	WHERE
		( ( capital - pcapital ) + ( interes - pinteres ) + ( seguro - pseguro ) ) > 0 
		AND empresa_id = b.empresa_id 
		AND prestamos_id = b.id 
	ORDER BY
		npago ASC 
		LIMIT 1 
	)>0,(SELECT
		( capital - pcapital ) + ( interes - pinteres ) + ( seguro - pseguro )
		FROM
		cuotas 
	WHERE
		( ( capital - pcapital ) + ( interes - pinteres ) + ( seguro - pseguro ) ) > 0 
		AND empresa_id = b.empresa_id 
		AND prestamos_id = b.id 
	ORDER BY
		npago ASC 
		LIMIT 1 ),0) AS siguiente,
	(
	SELECT
		count( npago ) 
	FROM
		cuotas 
	WHERE
		( ( capital - pcapital ) + ( interes - pinteres ) + ( seguro - pseguro ) ) = 0 
		AND empresa_id = b.empresa_id 
		AND prestamos_id = b.id 
	) AS pagadas,
	(
	SELECT
		count( npago ) 
	FROM
		cuotas 
	WHERE
		( ( capital - pcapital ) + ( interes - pinteres ) + ( seguro - pseguro ) ) > 0 
		AND STR_TO_DATE( fecha, "%d/%m/%Y" ) < DATE_FORMAT( now( ), "%Y-%m-%d" ) 
		AND empresa_id = b.empresa_id 
		AND prestamos_id = b.id 
	) AS cuotaatrasadas 
FROM
	clientes a
	INNER JOIN prestamos b ON ( a.empresa_id = b.empresa_id AND a.id = b.clientes_id )
	INNER JOIN tipoprestamos c ON ( c.id = b.tipoprestamos_id )
	INNER JOIN plazos d ON ( d.id = b.plazo_id )
	INNER JOIN rutas e ON ( e.empresa_id = b.empresa_id AND e.id = b.ruta_id )
	INNER JOIN cobradores_rutas f ON ( f.empresa_id = b.empresa_id AND f.cobradores_id = b.cobrador_id AND e.id = f.rutas_id )
	INNER JOIN cobradores g ON ( g.empresa_id = f.empresa_id AND g.id = f.cobradores_id )
	INNER JOIN usuario h ON ( h.empresa_id = g.empresa_id AND g.usuario_id = h.id ) 
WHERE
	b.empresa_id = empresaid 
	AND b.id = prestamsoId 
	AND (
	( b.monto - b.cappag ) + ( b.interes - b.intpag ) + ( b.seguro - b.segpag ) + ( b.otros - b.otrpag ) + ( b.mora - b.morpag ) 
	) > 0;
END
;;
delimiter ;

-- ----------------------------
-- Procedure structure for getReferencias
-- ----------------------------
DROP PROCEDURE IF EXISTS `getReferencias`;
delimiter ;;
CREATE PROCEDURE `getReferencias`(IN `empresaId` int(10),IN `clientesId` int(10))
BEGIN
	SELECT 
			clientes_id,
	    empresa_id,
			cedula,
			nombres,
			direccion,
			sexo,
			telefono,
			parentezco,
			coodeudor
			FROM referencias
			WHERE empresa_id =empresaId AND clientes_id = clientesId;
END
;;
delimiter ;

-- ----------------------------
-- Procedure structure for getReportePagosFecha
-- ----------------------------
DROP PROCEDURE IF EXISTS `getReportePagosFecha`;
delimiter ;;
CREATE PROCEDURE `getReportePagosFecha`(IN `empresaId` int(10),IN `ini` varchar(20),IN `fin` varchar(20))
BEGIN
	
	SELECT 
	a.id,
	a.fecha,
	b.id as prestamos_id,
	c.nombre,
	a.notransaccion,
	a.tcapital,
	a.tinteres,
	a.tseguro,
	a.tmora	
	FROM pagos a INNER JOIN prestamos b ON(a.empresa_id=b.empresa_id AND a.prestamos_id=b.id)
	             INNER JOIN clientes c ON(b.empresa_id=c.empresa_id AND b.clientes_id=c.id)        

WHERE a.empresa_id= empresaId AND STR_TO_DATE( a.fecha, "%d/%m/%Y" ) BETWEEN  STR_TO_DATE(ini, "%d/%m/%Y" ) AND STR_TO_DATE( fin, "%d/%m/%Y" ) order by a.id asc;
	
	

END
;;
delimiter ;

-- ----------------------------
-- Procedure structure for getReportePagosPrestamosId
-- ----------------------------
DROP PROCEDURE IF EXISTS `getReportePagosPrestamosId`;
delimiter ;;
CREATE PROCEDURE `getReportePagosPrestamosId`(IN `empresaId` int,IN `prestamosId` int)
BEGIN
	
	
	SELECT id,fecha,notransaccion,tcapital,tinteres,tseguro,tmora FROM pagos WHERE empresa_id= empresaId AND prestamos_id =prestamosId; 
	
	

END
;;
delimiter ;

-- ----------------------------
-- Procedure structure for getReportePrestamoClientesId
-- ----------------------------
DROP PROCEDURE IF EXISTS `getReportePrestamoClientesId`;
delimiter ;;
CREATE PROCEDURE `getReportePrestamoClientesId`(IN `empresaId` int(10),IN clientesId int(10),IN op int(1))
BEGIN

IF op = 1 THEN 
	SELECT
	   a.id,
		 a.fecha,
		 a.clientes_id,
     b.nombre,
		 b.telefon1,
		 b.telefon2,
		 c.descripcion,
		 a.minteres,
		 (a.monto+a.interes+a.seguro+a.otros+a.mora) as total,
		 (a.cappag+a.intpag+a.segpag+a.otrpag+a.morpag) as pagado,
		 ((a.monto+a.interes+a.seguro+a.otros+a.mora)-(a.cappag+a.intpag+a.segpag+a.otrpag+a.morpag)) as balance,
		 a.cuota,
		 a.vence,
		 (a.seguro-a.segpag) as seguro,
		 a.fecultpag as ultimo,
		 d.descripcion as plazo,
		  (SELECT count(*) FROM cuotas WHERE empresa_id=a.empresa_id AND prestamos_id=a.id AND ((capital-pcapital)+(interes-pinteres)+(seguro-pseguro))=0) as pagadas,
		 a.cantidadplazos as cantidad,
		 e.nombres as ruta,
		 h.nombre as usuario,		 
		 IF(a.estado=1,"Activo","Cancelado") as estado,
		
		 IF((SELECT SUM((capital-pcapital)+(interes-pinteres)+(seguro-pseguro)) FROM cuotas WHERE empresa_id=a.empresa_id AND prestamos_id= a.id AND STR_TO_DATE(fecha, "%d/%m/%Y" )< DATE_FORMAT(now(), "%Y-%m-%d"))>0,(SELECT SUM((capital-pcapital)+(interes-pinteres)+seguro-pseguro) FROM cuotas WHERE empresa_id=a.empresa_id AND prestamos_id= a.id AND STR_TO_DATE(fecha, "%d/%m/%Y" )< DATE_FORMAT(now(), "%Y-%m-%d")),0) as atrasos,
		 IF(((a.monto+a.interes+a.seguro+a.otros+a.mora)-(a.cappag+a.intpag+a.segpag+a.otrpag+a.morpag))>0,"BALANCE","SALDADO") as estatus
		 	 
		 FROM prestamos a INNER JOIN clientes b ON (a.empresa_id=b.empresa_id AND a.clientes_id = b.id)
		                  INNER JOIN tipoprestamos c ON a.tipoprestamos_id = c.id
											INNER JOIN plazos d ON a.plazo_id=d.id
											INNER JOIN rutas e ON (a.empresa_id=e.empresa_id AND a.ruta_id = e.id)
											INNER JOIN cobradores g ON(a.empresa_id=g.empresa_id AND a.cobrador_id=g.id)
											INNER JOIN cobradores_rutas f ON (a.empresa_id=f.empresa_id AND f.rutas_id = e.id AND g.id = f.cobradores_id)	INNER JOIN usuario h ON(a.empresa_id = h.empresa_id AND g.usuario_id=h.id)
											WHERE a.empresa_id=empresaId AND a.clientes_id=clientesId order by a.id asc;	

ELSE IF op = 2 THEN 


SELECT
	   a.id,
		 a.fecha,
		 a.clientes_id,
     b.nombre,
		 b.telefon1,
		 b.telefon2,
		 c.descripcion,
		 a.minteres,
		 (a.monto+a.interes+a.seguro+a.otros+a.mora) as total,
		 (a.cappag+a.intpag+a.segpag+a.otrpag+a.morpag) as pagado,
		 ((a.monto+a.interes+a.seguro+a.otros+a.mora)-(a.cappag+a.intpag+a.segpag+a.otrpag+a.morpag)) as balance,
		 a.cuota,
		 a.vence,
		 (a.seguro-a.segpag) as seguro,
		 a.fecultpag as ultimo,
		 d.descripcion as plazo,
		  (SELECT count(*) FROM cuotas WHERE empresa_id=a.empresa_id AND prestamos_id=a.id AND ((capital-pcapital)+(interes-pinteres)+(seguro-pseguro))=0) as pagadas,
		 a.cantidadplazos as cantidad,
		 e.nombres as ruta,
		 h.nombre as usuario,		 
		 IF(a.estado=1,"Activo","Cancelado") as estado,
		
		 IF((SELECT SUM((capital-pcapital)+(interes-pinteres)+(seguro-pseguro)) FROM cuotas WHERE empresa_id=a.empresa_id AND prestamos_id= a.id AND STR_TO_DATE(fecha, "%d/%m/%Y" )< DATE_FORMAT(now(), "%Y-%m-%d"))>0,(SELECT SUM((capital-pcapital)+(interes-pinteres)+seguro-pseguro) FROM cuotas WHERE empresa_id=a.empresa_id AND prestamos_id= a.id AND STR_TO_DATE(fecha, "%d/%m/%Y" )< DATE_FORMAT(now(), "%Y-%m-%d")),0) as atrasos,
		 IF(((a.monto+a.interes+a.seguro+a.otros+a.mora)-(a.cappag+a.intpag+a.segpag+a.otrpag+a.morpag))>0,"BALANCE","SALDADO") as estatus
		 	 
		 FROM prestamos a INNER JOIN clientes b ON (a.empresa_id=b.empresa_id AND a.clientes_id = b.id)
		                  INNER JOIN tipoprestamos c ON a.tipoprestamos_id = c.id
											INNER JOIN plazos d ON a.plazo_id=d.id
											INNER JOIN rutas e ON (a.empresa_id=e.empresa_id AND a.ruta_id = e.id)
											INNER JOIN cobradores g ON(a.empresa_id=g.empresa_id AND a.cobrador_id=g.id)
											INNER JOIN cobradores_rutas f ON (a.empresa_id=f.empresa_id AND f.rutas_id = e.id AND g.id = f.cobradores_id)	INNER JOIN usuario h ON(a.empresa_id = h.empresa_id AND g.usuario_id=h.id)
											WHERE a.empresa_id=empresaId AND a.clientes_id=clientesId AND ((a.monto+a.interes+a.seguro+a.otros+a.mora)-(a.cappag+a.intpag+a.segpag+a.otrpag+a.morpag))>0 order by a.id asc;



ELSE IF op = 3 THEN 


SELECT
	   a.id,
		 a.fecha,
		 a.clientes_id,
     b.nombre,
		 b.telefon1,
		 b.telefon2,
		 c.descripcion,
		 a.minteres,
		 (a.monto+a.interes+a.seguro+a.otros+a.mora) as total,
		 (a.cappag+a.intpag+a.segpag+a.otrpag+a.morpag) as pagado,
		 ((a.monto+a.interes+a.seguro+a.otros+a.mora)-(a.cappag+a.intpag+a.segpag+a.otrpag+a.morpag)) as balance,
		 a.cuota,
		 a.vence,
		 (a.seguro-a.segpag) as seguro,
		 a.fecultpag as ultimo,
		 d.descripcion as plazo,
		  (SELECT count(*) FROM cuotas WHERE empresa_id=a.empresa_id AND prestamos_id=a.id AND ((capital-pcapital)+(interes-pinteres)+(seguro-pseguro))=0) as pagadas,
		 a.cantidadplazos as cantidad,
		 e.nombres as ruta,
		 h.nombre as usuario,		 
		 IF(a.estado=1,"Activo","Cancelado") as estado,
		
		 IF((SELECT SUM((capital-pcapital)+(interes-pinteres)+(seguro-pseguro)) FROM cuotas WHERE empresa_id=a.empresa_id AND prestamos_id= a.id AND STR_TO_DATE(fecha, "%d/%m/%Y" )< DATE_FORMAT(now(), "%Y-%m-%d"))>0,(SELECT SUM((capital-pcapital)+(interes-pinteres)+seguro-pseguro) FROM cuotas WHERE empresa_id=a.empresa_id AND prestamos_id= a.id AND STR_TO_DATE(fecha, "%d/%m/%Y" )< DATE_FORMAT(now(), "%Y-%m-%d")),0) as atrasos,
		 IF(((a.monto+a.interes+a.seguro+a.otros+a.mora)-(a.cappag+a.intpag+a.segpag+a.otrpag+a.morpag))>0,"BALANCE","SALDADO") as estatus
		 	 
		 FROM prestamos a INNER JOIN clientes b ON (a.empresa_id=b.empresa_id AND a.clientes_id = b.id)
		                  INNER JOIN tipoprestamos c ON a.tipoprestamos_id = c.id
											INNER JOIN plazos d ON a.plazo_id=d.id
											INNER JOIN rutas e ON (a.empresa_id=e.empresa_id AND a.ruta_id = e.id)
											INNER JOIN cobradores g ON(a.empresa_id=g.empresa_id AND a.cobrador_id=g.id)
											INNER JOIN cobradores_rutas f ON (a.empresa_id=f.empresa_id AND f.rutas_id = e.id AND g.id = f.cobradores_id)	INNER JOIN usuario h ON(a.empresa_id = h.empresa_id AND g.usuario_id=h.id)
											WHERE a.empresa_id=empresaId AND a.clientes_id=clientesId AND ((a.monto+a.interes+a.seguro+a.otros+a.mora)-(a.cappag+a.intpag+a.segpag+a.otrpag+a.morpag))=0 order by a.id asc;
ELSE

SELECT
	   a.id,
		 a.fecha,
		 a.clientes_id,
     b.nombre,
		 b.telefon1,
		 b.telefon2,
		 c.descripcion,
		 a.minteres,
		 (a.monto+a.interes+a.seguro+a.otros+a.mora) as total,
		 (a.cappag+a.intpag+a.segpag+a.otrpag+a.morpag) as pagado,
		 ((a.monto+a.interes+a.seguro+a.otros+a.mora)-(a.cappag+a.intpag+a.segpag+a.otrpag+a.morpag)) as balance,
		 a.cuota,
		 a.vence,
		 (a.seguro-a.segpag) as seguro,
		 a.fecultpag as ultimo,
		 d.descripcion as plazo,
		  (SELECT count(*) FROM cuotas WHERE empresa_id=a.empresa_id AND prestamos_id=a.id AND ((capital-pcapital)+(interes-pinteres)+(seguro-pseguro))=0) as pagadas,
		 a.cantidadplazos as cantidad,
		 e.nombres as ruta,
		 h.nombre as usuario,		 
		 IF(a.estado=1,"Activo","Cancelado") as estado,
		
		 IF((SELECT SUM((capital-pcapital)+(interes-pinteres)+(seguro-pseguro)) FROM cuotas WHERE empresa_id=a.empresa_id AND prestamos_id= a.id AND STR_TO_DATE(fecha, "%d/%m/%Y" )< DATE_FORMAT(now(), "%Y-%m-%d"))>0,(SELECT SUM((capital-pcapital)+(interes-pinteres)+seguro-pseguro) FROM cuotas WHERE empresa_id=a.empresa_id AND prestamos_id= a.id AND STR_TO_DATE(fecha, "%d/%m/%Y" )< DATE_FORMAT(now(), "%Y-%m-%d")),0) as atrasos,
		 IF(((a.monto+a.interes+a.seguro+a.otros+a.mora)-(a.cappag+a.intpag+a.segpag+a.otrpag+a.morpag))>0,"BALANCE","SALDADO") as estatus
		 	 
		 FROM prestamos a INNER JOIN clientes b ON (a.empresa_id=b.empresa_id AND a.clientes_id = b.id)
		                  INNER JOIN tipoprestamos c ON a.tipoprestamos_id = c.id
											INNER JOIN plazos d ON a.plazo_id=d.id
											INNER JOIN rutas e ON (a.empresa_id=e.empresa_id AND a.ruta_id = e.id)
											INNER JOIN cobradores g ON(a.empresa_id=g.empresa_id AND a.cobrador_id=g.id)
											INNER JOIN cobradores_rutas f ON (a.empresa_id=f.empresa_id AND f.rutas_id = e.id AND g.id = f.cobradores_id)	INNER JOIN usuario h ON(a.empresa_id = h.empresa_id AND g.usuario_id=h.id)
											WHERE a.empresa_id=empresaId AND a.clientes_id=clientesId AND a.id IN (SELECT prestamos_id FROM cuotas WHERE ((capital-pcapital)+(interes-pinteres)+seguro-pseguro)>0 AND STR_TO_DATE(fecha, "%d/%m/%Y" )< DATE_FORMAT(now(), "%Y-%m-%d") AND a.empresa_id=empresa_id AND prestamos_id=a.id) order by a.id asc;
											
											
END IF;
END IF;
END IF;

END
;;
delimiter ;

-- ----------------------------
-- Procedure structure for getReportePrestamosAlDia
-- ----------------------------
DROP PROCEDURE IF EXISTS `getReportePrestamosAlDia`;
delimiter ;;
CREATE PROCEDURE `getReportePrestamosAlDia`(IN `empresaId` int(10),IN `ini` varchar(20),IN `fin` varchar(20))
BEGIN
	
	
		SELECT
	   a.id,
		 a.fecha,
		 a.clientes_id,
     b.nombre,
		 b.telefon1,
		 b.telefon2,
		 c.descripcion,
		 a.minteres,
		 (a.monto+a.interes+a.seguro+a.otros+a.mora) as total,
		 (a.cappag+a.intpag+a.segpag+a.otrpag+a.morpag) as pagado,
		 ((a.monto+a.interes+a.seguro+a.otros+a.mora)-(a.cappag+a.intpag+a.segpag+a.otrpag+a.morpag)) as balance,
		 a.cuota,
		 a.vence,
		 (a.seguro-a.segpag) as seguro,
		 a.fecultpag as ultimo,	
		 d.descripcion as plazo,
		  (SELECT count(*) FROM cuotas WHERE empresa_id=a.empresa_id AND prestamos_id=a.id AND ((capital-pcapital)+(interes-pinteres)+(seguro-pseguro))=0) as pagadas,
		 a.cantidadplazos as cantidad,
		 e.nombres as ruta,
		 h.nombre as usuario,		 
		 IF(a.estado=1,"Activo","Cancelado") as estado,
		
		 IF((SELECT SUM((capital-pcapital)+(interes-pinteres)+(seguro-pseguro)) FROM cuotas WHERE empresa_id=a.empresa_id AND prestamos_id= a.id AND STR_TO_DATE(fecha, "%d/%m/%Y" )< DATE_FORMAT(now(), "%Y-%m-%d"))>0,(SELECT SUM((capital-pcapital)+(interes-pinteres)+seguro-pseguro) FROM cuotas WHERE empresa_id=a.empresa_id AND prestamos_id= a.id AND STR_TO_DATE(fecha, "%d/%m/%Y" )< DATE_FORMAT(now(), "%Y-%m-%d")),0) as atrasos,
		 IF(((a.monto+a.interes+a.seguro+a.otros+a.mora)-(a.cappag+a.intpag+a.segpag+a.otrpag+a.morpag))>0,"BALANCE","SALDADO") as estatus
		 	 
		 FROM prestamos a INNER JOIN clientes b ON (a.empresa_id=b.empresa_id AND a.clientes_id = b.id)
		                  INNER JOIN tipoprestamos c ON a.tipoprestamos_id = c.id
											INNER JOIN plazos d ON a.plazo_id=d.id
											INNER JOIN rutas e ON (a.empresa_id=e.empresa_id AND a.ruta_id = e.id)
											INNER JOIN cobradores g ON(a.empresa_id=g.empresa_id AND a.cobrador_id=g.id)
											INNER JOIN cobradores_rutas f ON (a.empresa_id=f.empresa_id AND f.rutas_id = e.id AND g.id = f.cobradores_id)	INNER JOIN usuario h ON(a.empresa_id = h.empresa_id AND g.usuario_id=h.id)
											WHERE STR_TO_DATE( a.fecha, "%d/%m/%Y" ) BETWEEN  STR_TO_DATE(ini, "%d/%m/%Y" ) AND STR_TO_DATE( fin, "%d/%m/%Y" ) AND a.empresa_id=empresaId   order by a.id asc;
	
	#AND ((a.monto+a.interes+a.seguro+a.otros+a.mora)-(a.cappag+a.intpag+a.segpag+a.otrpag+a.morpag))>0

END
;;
delimiter ;

-- ----------------------------
-- Procedure structure for getReportePrestamosAll
-- ----------------------------
DROP PROCEDURE IF EXISTS `getReportePrestamosAll`;
delimiter ;;
CREATE PROCEDURE `getReportePrestamosAll`(IN `empresaId` int(10),IN ini VARCHAR(20),IN fin VARCHAR(20), IN op int(1))
BEGIN
	
		
IF op = 1 THEN 

	SELECT
	   a.id,
		 a.fecha,
		 a.clientes_id,
     b.nombre,
		 b.telefon1,
		 b.telefon2,
		 c.descripcion,
		 a.minteres,
		 (a.monto+a.interes+a.seguro+a.otros+a.mora) as total,
		 (a.cappag+a.intpag+a.segpag+a.otrpag+a.morpag) as pagado,
		 ((a.monto+a.interes+a.seguro+a.otros+a.mora)-(a.cappag+a.intpag+a.segpag+a.otrpag+a.morpag)) as balance,
		 a.cuota,
		 a.vence,
		 (a.seguro-a.segpag) as seguro,
		 a.fecultpag as ultimo,
		 d.descripcion as plazo,
		  (SELECT count(*) FROM cuotas WHERE empresa_id=a.empresa_id AND prestamos_id=a.id AND ((capital-pcapital)+(interes-pinteres)+(seguro-pseguro))=0) as pagadas,
		 a.cantidadplazos as cantidad,
		 e.nombres as ruta,
		 h.nombre as usuario,		 
		 IF(a.estado=1,"Activo","Cancelado") as estado,
		
		 IF((SELECT SUM((capital-pcapital)+(interes-pinteres)+(seguro-pseguro)) FROM cuotas WHERE empresa_id=a.empresa_id AND prestamos_id= a.id AND STR_TO_DATE(fecha, "%d/%m/%Y" )< DATE_FORMAT(now(), "%Y-%m-%d"))>0,(SELECT SUM((capital-pcapital)+(interes-pinteres)+seguro-pseguro) FROM cuotas WHERE empresa_id=a.empresa_id AND prestamos_id= a.id AND STR_TO_DATE(fecha, "%d/%m/%Y" )< DATE_FORMAT(now(), "%Y-%m-%d")),0) as atrasos,
		 IF(((a.monto+a.interes+a.seguro+a.otros+a.mora)-(a.cappag+a.intpag+a.segpag+a.otrpag+a.morpag))>0,"BALANCE","SALDADO") as estatus
		 	 
		 FROM prestamos a INNER JOIN clientes b ON (a.empresa_id=b.empresa_id AND a.clientes_id = b.id)
		                  INNER JOIN tipoprestamos c ON a.tipoprestamos_id = c.id
											INNER JOIN plazos d ON a.plazo_id=d.id
											INNER JOIN rutas e ON (a.empresa_id=e.empresa_id AND a.ruta_id = e.id)
											INNER JOIN cobradores g ON(a.empresa_id=g.empresa_id AND a.cobrador_id=g.id)
											INNER JOIN cobradores_rutas f ON (a.empresa_id=f.empresa_id AND f.rutas_id = e.id AND g.id = f.cobradores_id)	INNER JOIN usuario h ON(a.empresa_id = h.empresa_id AND g.usuario_id=h.id)
											WHERE STR_TO_DATE( a.fecha, "%d/%m/%Y" ) BETWEEN  STR_TO_DATE(ini, "%d/%m/%Y" ) AND STR_TO_DATE( fin, "%d/%m/%Y" ) AND a.empresa_id=empresaId order by a.id asc;	

ELSE IF op = 2 THEN 

	SELECT
	   a.id,
		 a.fecha,
		 a.clientes_id,
     b.nombre,
		 b.telefon1,
		 b.telefon2,
		 c.descripcion,
		 a.minteres,
		 (a.monto+a.interes+a.seguro+a.otros+a.mora) as total,
		 (a.cappag+a.intpag+a.segpag+a.otrpag+a.morpag) as pagado,
		 ((a.monto+a.interes+a.seguro+a.otros+a.mora)-(a.cappag+a.intpag+a.segpag+a.otrpag+a.morpag)) as balance,
		 a.cuota,
		 a.vence,
		 (a.seguro-a.segpag) as seguro,
		 a.fecultpag as ultimo,
		 d.descripcion as plazo,
		 (SELECT count(*) FROM cuotas WHERE empresa_id=a.empresa_id AND prestamos_id=a.id AND ((capital-pcapital)+(interes-pinteres)+(seguro-pseguro))=0) as pagadas,
		 a.cantidadplazos as cantidad,
		 e.nombres as ruta,
		 h.nombre as usuario,		 
		 IF(a.estado=1,"Activo","Cancelado") as estado,
		 
		  IF((SELECT SUM((capital-pcapital)+(interes-pinteres)+seguro-pseguro) FROM cuotas WHERE empresa_id=a.empresa_id AND prestamos_id= a.id AND STR_TO_DATE(fecha, "%d/%m/%Y" )< DATE_FORMAT(now(), "%Y-%m-%d"))>0,(SELECT SUM((capital-pcapital)+(interes-pinteres)+seguro-pseguro) FROM cuotas WHERE empresa_id=a.empresa_id AND prestamos_id= a.id AND STR_TO_DATE(fecha, "%d/%m/%Y" )< DATE_FORMAT(now(), "%Y-%m-%d")),0) as atrasos,
		 IF(((a.monto+a.interes+a.seguro+a.otros+a.mora)-(a.cappag+a.intpag+a.segpag+a.otrpag+a.morpag))>0,"BALANCE","SALDADO") as estatus
		 	 
		 FROM prestamos a INNER JOIN clientes b ON (a.empresa_id=b.empresa_id AND a.clientes_id = b.id)
		                  INNER JOIN tipoprestamos c ON a.tipoprestamos_id = c.id
											INNER JOIN plazos d ON a.plazo_id=d.id
											INNER JOIN rutas e ON (a.empresa_id=e.empresa_id AND a.ruta_id = e.id)
											INNER JOIN cobradores g ON(a.empresa_id=g.empresa_id AND a.cobrador_id=g.id)
											INNER JOIN cobradores_rutas f ON (a.empresa_id=f.empresa_id AND f.rutas_id = e.id AND g.id = f.cobradores_id)	INNER JOIN usuario h ON(a.empresa_id = h.empresa_id AND g.usuario_id=h.id)
											WHERE STR_TO_DATE( a.fecha, "%d/%m/%Y" ) BETWEEN  STR_TO_DATE(ini, "%d/%m/%Y" ) AND STR_TO_DATE( fin, "%d/%m/%Y" ) 
											AND ((a.monto+a.interes+a.seguro+a.otros+a.mora)-(a.cappag+a.intpag+a.segpag+a.otrpag+a.morpag))>0 AND a.empresa_id=empresaId order by a.id asc;


ELSE IF op = 3 THEN 

SELECT
	   a.id,
		 a.fecha,
		 a.clientes_id,
     b.nombre,
		 b.telefon1,
		 b.telefon2,
		 c.descripcion,
		 a.minteres,
		 (a.monto+a.interes+a.seguro+a.otros+a.mora) as total,
		 (a.cappag+a.intpag+a.segpag+a.otrpag+a.morpag) as pagado,
		 ((a.monto+a.interes+a.seguro+a.otros+a.mora)-(a.cappag+a.intpag+a.segpag+a.otrpag+a.morpag)) as balance,
		 a.cuota,
		 a.vence,
		 (a.seguro-a.segpag) as seguro,
		 a.fecultpag as ultimo,
		 d.descripcion as plazo,
		 (SELECT count(*) FROM cuotas WHERE empresa_id=a.empresa_id AND prestamos_id=a.id AND ((capital-pcapital)+(interes-pinteres)+(seguro-pseguro))=0) as pagadas,
		 a.cantidadplazos as cantidad,
		 e.nombres as ruta,
		 h.nombre as usuario,		 
		 IF(a.estado=1,"Activo","Cancelado") as estado,
		 
		  IF((SELECT SUM((capital-pcapital)+(interes-pinteres)+seguro-pseguro) FROM cuotas WHERE empresa_id=a.empresa_id AND prestamos_id= a.id AND STR_TO_DATE(fecha, "%d/%m/%Y" )< DATE_FORMAT(now(), "%Y-%m-%d"))>0,(SELECT SUM((capital-pcapital)+(interes-pinteres)+seguro-pseguro) FROM cuotas WHERE empresa_id=a.empresa_id AND prestamos_id= a.id AND STR_TO_DATE(fecha, "%d/%m/%Y" )< DATE_FORMAT(now(), "%Y-%m-%d")),0) as atrasos,
		 IF(((a.monto+a.interes+a.seguro+a.otros+a.mora)-(a.cappag+a.intpag+a.segpag+a.otrpag+a.morpag))>0,"BALANCE","SALDADO") as estatus
		 	 
		 FROM prestamos a INNER JOIN clientes b ON (a.empresa_id=b.empresa_id AND a.clientes_id = b.id)
		                  INNER JOIN tipoprestamos c ON a.tipoprestamos_id = c.id
											INNER JOIN plazos d ON a.plazo_id=d.id
											INNER JOIN rutas e ON (a.empresa_id=e.empresa_id AND a.ruta_id = e.id)
											INNER JOIN cobradores g ON(a.empresa_id=g.empresa_id AND a.cobrador_id=g.id)
											INNER JOIN cobradores_rutas f ON (a.empresa_id=f.empresa_id AND f.rutas_id = e.id AND g.id = f.cobradores_id)	INNER JOIN usuario h ON(a.empresa_id = h.empresa_id AND g.usuario_id=h.id)
											WHERE STR_TO_DATE( a.fecha, "%d/%m/%Y" ) BETWEEN  STR_TO_DATE(ini, "%d/%m/%Y" ) AND STR_TO_DATE( fin, "%d/%m/%Y" ) 
											AND ((a.monto+a.interes+a.seguro+a.otros+a.mora)-(a.cappag+a.intpag+a.segpag+a.otrpag+a.morpag))=0 AND a.empresa_id=empresaId order by a.id asc;


ELSE

SELECT
	   a.id,
		 a.fecha,
		 a.clientes_id,
     b.nombre,
		 b.telefon1,
		 b.telefon2,
		 c.descripcion,
		 a.minteres,
		 (a.monto+a.interes+a.seguro+a.otros+a.mora) as total,
		 (a.cappag+a.intpag+a.segpag+a.otrpag+a.morpag) as pagado,
		 ((a.monto+a.interes+a.seguro+a.otros+a.mora)-(a.cappag+a.intpag+a.segpag+a.otrpag+a.morpag)) as balance,
		 a.cuota,
		 a.vence,
		 (a.seguro-a.segpag) as seguro,
		 a.fecultpag as ultimo,
		 d.descripcion as plazo,
		 (SELECT count(*) FROM cuotas WHERE empresa_id=a.empresa_id AND prestamos_id=a.id AND ((capital-pcapital)+(interes-pinteres)+(seguro-pseguro))=0) as pagadas,
		 a.cantidadplazos as cantidad,
		 e.nombres as ruta,
		 h.nombre as usuario,		 
		 IF(a.estado=1,"Activo","Cancelado") as estado,
		
		 IF((SELECT SUM((capital-pcapital)+(interes-pinteres)+seguro-pseguro) FROM cuotas WHERE empresa_id=a.empresa_id AND prestamos_id= a.id AND STR_TO_DATE(fecha, "%d/%m/%Y" )< DATE_FORMAT(now(), "%Y-%m-%d"))>0,(SELECT SUM((capital-pcapital)+(interes-pinteres)+seguro-pseguro) FROM cuotas WHERE empresa_id=a.empresa_id AND prestamos_id= a.id AND STR_TO_DATE(fecha, "%d/%m/%Y" )< DATE_FORMAT(now(), "%Y-%m-%d")),0) as atrasos,
		 IF(((a.monto+a.interes+a.seguro+a.otros+a.mora)-(a.cappag+a.intpag+a.segpag+a.otrpag+a.morpag))>0,"BALANCE","SALDADO") as estatus
		 	 
		 FROM prestamos a INNER JOIN clientes b ON (a.empresa_id=b.empresa_id AND a.clientes_id = b.id)
		                  INNER JOIN tipoprestamos c ON a.tipoprestamos_id = c.id
											INNER JOIN plazos d ON a.plazo_id=d.id
											INNER JOIN rutas e ON (a.empresa_id=e.empresa_id AND a.ruta_id = e.id)
											INNER JOIN cobradores g ON(a.empresa_id=g.empresa_id AND a.cobrador_id=g.id)
											INNER JOIN cobradores_rutas f ON (a.empresa_id=f.empresa_id AND f.rutas_id = e.id AND g.id = f.cobradores_id)	INNER JOIN usuario h ON(a.empresa_id = h.empresa_id AND g.usuario_id=h.id)
											WHERE a.id IN (SELECT prestamos_id FROM cuotas WHERE ((capital-pcapital)+(interes-pinteres)+seguro-pseguro)>0 AND STR_TO_DATE(fecha, "%d/%m/%Y" )< DATE_FORMAT(now(), "%Y-%m-%d") AND a.empresa_id=empresa_id AND prestamos_id=a.id) AND a.empresa_id=empresaId;



END IF;
END IF;
END IF;

END
;;
delimiter ;

-- ----------------------------
-- Procedure structure for getReportePrestamosAtrasos
-- ----------------------------
DROP PROCEDURE IF EXISTS `getReportePrestamosAtrasos`;
delimiter ;;
CREATE PROCEDURE `getReportePrestamosAtrasos`(IN `empresaId` int(10))
BEGIN
	
	
		SELECT
	   a.id,
		 a.fecha,
		 a.clientes_id,
     b.nombre,
		 b.telefon1,
		 b.telefon2,
		 c.descripcion,
		 a.minteres,
		 (a.monto+a.interes+a.seguro+a.otros+a.mora) as total,
		 (a.cappag+a.intpag+a.segpag+a.otrpag+a.morpag) as pagado,
		 ((a.monto+a.interes+a.seguro+a.otros+a.mora)-(a.cappag+a.intpag+a.segpag+a.otrpag+a.morpag)) as balance,
		 a.cuota,
		 a.vence,
		 (a.seguro-a.segpag) as seguro,
		 a.fecultpag as ultimo,
		 d.descripcion as plazo,
		  (SELECT count(*) FROM cuotas WHERE empresa_id=a.empresa_id AND prestamos_id=a.id AND ((capital-pcapital)+(interes-pinteres)+(seguro-pseguro))=0) as pagadas,
		 a.cantidadplazos as cantidad,
		 e.nombres as ruta,
		 h.nombre as usuario,		 
		 IF(a.estado=1,"Activo","Cancelado") as estado,
		
		 IF((SELECT SUM((capital-pcapital)+(interes-pinteres)+(seguro-pseguro)) FROM cuotas WHERE empresa_id=a.empresa_id AND prestamos_id= a.id AND STR_TO_DATE(fecha, "%d/%m/%Y" )< DATE_FORMAT(now(), "%Y-%m-%d"))>0,(SELECT SUM((capital-pcapital)+(interes-pinteres)+seguro-pseguro) FROM cuotas WHERE empresa_id=a.empresa_id AND prestamos_id= a.id AND STR_TO_DATE(fecha, "%d/%m/%Y" )< DATE_FORMAT(now(), "%Y-%m-%d")),0) as atrasos,
		 IF(((a.monto+a.interes+a.seguro+a.otros+a.mora)-(a.cappag+a.intpag+a.segpag+a.otrpag+a.morpag))>0,"BALANCE","SALDADO") as estatus
		 	 
		 FROM prestamos a INNER JOIN clientes b ON (a.empresa_id=b.empresa_id AND a.clientes_id = b.id)
		                  INNER JOIN tipoprestamos c ON a.tipoprestamos_id = c.id
											INNER JOIN plazos d ON a.plazo_id=d.id
											INNER JOIN rutas e ON (a.empresa_id=e.empresa_id AND a.ruta_id = e.id)
											INNER JOIN cobradores g ON(a.empresa_id=g.empresa_id AND a.cobrador_id=g.id)
											INNER JOIN cobradores_rutas f ON (a.empresa_id=f.empresa_id AND f.rutas_id = e.id AND g.id = f.cobradores_id)	INNER JOIN usuario h ON(a.empresa_id = h.empresa_id AND g.usuario_id=h.id)
											WHERE a.empresa_id=empresaId AND a.id IN (SELECT prestamos_id FROM cuotas WHERE ((capital-pcapital)+(interes-pinteres)+seguro-pseguro)>0 AND STR_TO_DATE(fecha, "%d/%m/%Y" )< DATE_FORMAT(now(), "%Y-%m-%d")) order by a.id asc;
	
	

END
;;
delimiter ;

-- ----------------------------
-- Procedure structure for getReportePrestamosClientesAll
-- ----------------------------
DROP PROCEDURE IF EXISTS `getReportePrestamosClientesAll`;
delimiter ;;
CREATE PROCEDURE `getReportePrestamosClientesAll`(IN `empresaId` int(10), IN op int(1))
BEGIN

IF op = 1 THEN 

	SELECT
	   a.id,
		 a.fecha,
		 a.clientes_id,
     b.nombre,
		 b.telefon1,
		 b.telefon2,
		 c.descripcion,
		 a.minteres,
		 (a.monto+a.interes+a.seguro+a.otros+a.mora) as total,
		 (a.cappag+a.intpag+a.segpag+a.otrpag+a.morpag) as pagado,
		 ((a.monto+a.interes+a.seguro+a.otros+a.mora)-(a.cappag+a.intpag+a.segpag+a.otrpag+a.morpag)) as balance,
		 a.cuota,
		 a.vence,
		 (a.seguro-a.segpag) as seguro,
		 a.fecultpag as ultimo,
		 d.descripcion as plazo,
		  (SELECT count(*) FROM cuotas WHERE empresa_id=a.empresa_id AND prestamos_id=a.id AND ((capital-pcapital)+(interes-pinteres)+(seguro-pseguro))=0) as pagadas,
		 a.cantidadplazos as cantidad,
		 e.nombres as ruta,
		 h.nombre as usuario,		 
		 IF(a.estado=1,"Activo","Cancelado") as estado,
		
		 IF((SELECT SUM((capital-pcapital)+(interes-pinteres)+(seguro-pseguro)) FROM cuotas WHERE empresa_id=a.empresa_id AND prestamos_id= a.id AND STR_TO_DATE(fecha, "%d/%m/%Y" )< DATE_FORMAT(now(), "%Y-%m-%d"))>0,(SELECT SUM((capital-pcapital)+(interes-pinteres)+seguro-pseguro) FROM cuotas WHERE empresa_id=a.empresa_id AND prestamos_id= a.id AND STR_TO_DATE(fecha, "%d/%m/%Y" )< DATE_FORMAT(now(), "%Y-%m-%d")),0) as atrasos,
		 IF(((a.monto+a.interes+a.seguro+a.otros+a.mora)-(a.cappag+a.intpag+a.segpag+a.otrpag+a.morpag))>0,"BALANCE","SALDADO") as estatus
		 	 
		 FROM prestamos a INNER JOIN clientes b ON (a.empresa_id=b.empresa_id AND a.clientes_id = b.id)
		                  INNER JOIN tipoprestamos c ON a.tipoprestamos_id = c.id
											INNER JOIN plazos d ON a.plazo_id=d.id
											INNER JOIN rutas e ON (a.empresa_id=e.empresa_id AND a.ruta_id = e.id)
											INNER JOIN cobradores g ON(a.empresa_id=g.empresa_id AND a.cobrador_id=g.id)
											INNER JOIN cobradores_rutas f ON (a.empresa_id=f.empresa_id AND f.rutas_id = e.id AND g.id = f.cobradores_id)	INNER JOIN usuario h ON(a.empresa_id = h.empresa_id AND g.usuario_id=h.id)
											WHERE a.empresa_id=empresaId order by a.id DESC limit 100;	

ELSE IF op = 2 THEN 

SELECT
	   a.id,
		 a.fecha,
		 a.clientes_id,
     b.nombre,
		 b.telefon1,
		 b.telefon2,
		 c.descripcion,
		 a.minteres,
		 (a.monto+a.interes+a.seguro+a.otros+a.mora) as total,
		 (a.cappag+a.intpag+a.segpag+a.otrpag+a.morpag) as pagado,
		 ((a.monto+a.interes+a.seguro+a.otros+a.mora)-(a.cappag+a.intpag+a.segpag+a.otrpag+a.morpag)) as balance,
		 a.cuota,
		 a.vence,
		 (a.seguro-a.segpag) as seguro,
		 a.fecultpag as ultimo,
		 d.descripcion as plazo,
		  (SELECT count(*) FROM cuotas WHERE empresa_id=a.empresa_id AND prestamos_id=a.id AND ((capital-pcapital)+(interes-pinteres)+(seguro-pseguro))=0) as pagadas,
		 a.cantidadplazos as cantidad,
		 e.nombres as ruta,
		 h.nombre as usuario,		 
		 IF(a.estado=1,"Activo","Cancelado") as estado,
		
		 IF((SELECT SUM((capital-pcapital)+(interes-pinteres)+(seguro-pseguro)) FROM cuotas WHERE empresa_id=a.empresa_id AND prestamos_id= a.id AND STR_TO_DATE(fecha, "%d/%m/%Y" )< DATE_FORMAT(now(), "%Y-%m-%d"))>0,(SELECT SUM((capital-pcapital)+(interes-pinteres)+seguro-pseguro) FROM cuotas WHERE empresa_id=a.empresa_id AND prestamos_id= a.id AND STR_TO_DATE(fecha, "%d/%m/%Y" )< DATE_FORMAT(now(), "%Y-%m-%d")),0) as atrasos,
		 IF(((a.monto+a.interes+a.seguro+a.otros+a.mora)-(a.cappag+a.intpag+a.segpag+a.otrpag+a.morpag))>0,"BALANCE","SALDADO") as estatus
		 	 
		 FROM prestamos a INNER JOIN clientes b ON (a.empresa_id=b.empresa_id AND a.clientes_id = b.id)
		                  INNER JOIN tipoprestamos c ON a.tipoprestamos_id = c.id
											INNER JOIN plazos d ON a.plazo_id=d.id
											INNER JOIN rutas e ON (a.empresa_id=e.empresa_id AND a.ruta_id = e.id)
											INNER JOIN cobradores g ON(a.empresa_id=g.empresa_id AND a.cobrador_id=g.id)
											INNER JOIN cobradores_rutas f ON (a.empresa_id=f.empresa_id AND f.rutas_id = e.id AND g.id = f.cobradores_id)	INNER JOIN usuario h ON(a.empresa_id = h.empresa_id AND g.usuario_id=h.id)
											WHERE a.empresa_id=empresaId AND ((a.monto+a.interes+a.seguro+a.otros+a.mora)-(a.cappag+a.intpag+a.segpag+a.otrpag+a.morpag))>0 order by a.id DESC;	

ELSE IF op = 3 THEN 

SELECT
	   a.id,
		 a.fecha,
		 a.clientes_id,
     b.nombre,
		 b.telefon1,
		 b.telefon2,
		 c.descripcion,
		 a.minteres,
		 (a.monto+a.interes+a.seguro+a.otros+a.mora) as total,
		 (a.cappag+a.intpag+a.segpag+a.otrpag+a.morpag) as pagado,
		 ((a.monto+a.interes+a.seguro+a.otros+a.mora)-(a.cappag+a.intpag+a.segpag+a.otrpag+a.morpag)) as balance,
		 a.cuota,
		 a.vence,
		 (a.seguro-a.segpag) as seguro,
		 a.fecultpag as ultimo,
		 d.descripcion as plazo,
		  (SELECT count(*) FROM cuotas WHERE empresa_id=a.empresa_id AND prestamos_id=a.id AND ((capital-pcapital)+(interes-pinteres)+(seguro-pseguro))=0) as pagadas,
		 a.cantidadplazos as cantidad,
		 e.nombres as ruta,
		 h.nombre as usuario,		 
		 IF(a.estado=1,"Activo","Cancelado") as estado,
		
		 IF((SELECT SUM((capital-pcapital)+(interes-pinteres)+(seguro-pseguro)) FROM cuotas WHERE empresa_id=a.empresa_id AND prestamos_id= a.id AND STR_TO_DATE(fecha, "%d/%m/%Y" )< DATE_FORMAT(now(), "%Y-%m-%d"))>0,(SELECT SUM((capital-pcapital)+(interes-pinteres)+seguro-pseguro) FROM cuotas WHERE empresa_id=a.empresa_id AND prestamos_id= a.id AND STR_TO_DATE(fecha, "%d/%m/%Y" )< DATE_FORMAT(now(), "%Y-%m-%d")),0) as atrasos,
		 IF(((a.monto+a.interes+a.seguro+a.otros+a.mora)-(a.cappag+a.intpag+a.segpag+a.otrpag+a.morpag))>0,"BALANCE","SALDADO") as estatus
		 	 
		 FROM prestamos a INNER JOIN clientes b ON (a.empresa_id=b.empresa_id AND a.clientes_id = b.id)
		                  INNER JOIN tipoprestamos c ON a.tipoprestamos_id = c.id
											INNER JOIN plazos d ON a.plazo_id=d.id
											INNER JOIN rutas e ON (a.empresa_id=e.empresa_id AND a.ruta_id = e.id)
											INNER JOIN cobradores g ON(a.empresa_id=g.empresa_id AND a.cobrador_id=g.id)
											INNER JOIN cobradores_rutas f ON (a.empresa_id=f.empresa_id AND f.rutas_id = e.id AND g.id = f.cobradores_id)	INNER JOIN usuario h ON(a.empresa_id = h.empresa_id AND g.usuario_id=h.id)
											WHERE a.empresa_id=empresaId AND ((a.monto+a.interes+a.seguro+a.otros+a.mora)-(a.cappag+a.intpag+a.segpag+a.otrpag+a.morpag))=0 order by a.id DESC;	

ELSE


SELECT
	   a.id,
		 a.fecha,
		 a.clientes_id,
     b.nombre,
		 b.telefon1,
		 b.telefon2,
		 c.descripcion,
		 a.minteres,
		 (a.monto+a.interes+a.seguro+a.otros+a.mora) as total,
		 (a.cappag+a.intpag+a.segpag+a.otrpag+a.morpag) as pagado,
		 ((a.monto+a.interes+a.seguro+a.otros+a.mora)-(a.cappag+a.intpag+a.segpag+a.otrpag+a.morpag)) as balance,
		 a.cuota,
		 a.vence,
		 (a.seguro-a.segpag) as seguro,
		 a.fecultpag as ultimo,
		 d.descripcion as plazo,
		  (SELECT count(*) FROM cuotas WHERE empresa_id=a.empresa_id AND prestamos_id=a.id AND ((capital-pcapital)+(interes-pinteres)+(seguro-pseguro))=0) as pagadas,
		 a.cantidadplazos as cantidad,
		 e.nombres as ruta,
		 h.nombre as usuario,		 
		 IF(a.estado=1,"Activo","Cancelado") as estado,
		
		 IF((SELECT SUM((capital-pcapital)+(interes-pinteres)+(seguro-pseguro)) FROM cuotas WHERE empresa_id=a.empresa_id AND prestamos_id= a.id AND STR_TO_DATE(fecha, "%d/%m/%Y" )< DATE_FORMAT(now(), "%Y-%m-%d"))>0,(SELECT SUM((capital-pcapital)+(interes-pinteres)+seguro-pseguro) FROM cuotas WHERE empresa_id=a.empresa_id AND prestamos_id= a.id AND STR_TO_DATE(fecha, "%d/%m/%Y" )< DATE_FORMAT(now(), "%Y-%m-%d")),0) as atrasos,
		 IF(((a.monto+a.interes+a.seguro+a.otros+a.mora)-(a.cappag+a.intpag+a.segpag+a.otrpag+a.morpag))>0,"BALANCE","SALDADO") as estatus
		 	 
		 FROM prestamos a INNER JOIN clientes b ON (a.empresa_id=b.empresa_id AND a.clientes_id = b.id)
		                  INNER JOIN tipoprestamos c ON a.tipoprestamos_id = c.id
											INNER JOIN plazos d ON a.plazo_id=d.id
											INNER JOIN rutas e ON (a.empresa_id=e.empresa_id AND a.ruta_id = e.id)
											INNER JOIN cobradores g ON(a.empresa_id=g.empresa_id AND a.cobrador_id=g.id)
											INNER JOIN cobradores_rutas f ON (a.empresa_id=f.empresa_id AND f.rutas_id = e.id AND g.id = f.cobradores_id)	INNER JOIN usuario h ON(a.empresa_id = h.empresa_id AND g.usuario_id=h.id)
											WHERE a.empresa_id=empresaId AND a.id IN (SELECT prestamos_id FROM cuotas WHERE ((capital-pcapital)+(interes-pinteres)+seguro-pseguro)>0 AND STR_TO_DATE(fecha, "%d/%m/%Y" )< DATE_FORMAT(now(), "%Y-%m-%d")) order by a.id DESC;	


END IF;
END IF;
END IF;

END
;;
delimiter ;

-- ----------------------------
-- Procedure structure for getReportesPagosFechas
-- ----------------------------
DROP PROCEDURE IF EXISTS `getReportesPagosFechas`;
delimiter ;;
CREATE PROCEDURE `getReportesPagosFechas`(IN `empresaId` int(10),IN ini VARCHAR(20),IN fin VARCHAR(20), IN op int(1))
BEGIN
	
	IF op = 1 THEN 
	
	SELECT 
	 a.id,
	 a.fecha,	 
	 c.nombre,
	 a.notransaccion as transaccion,
	 a.tcapital,
	 a.tinteres,
	 a.tseguro,
	 a.totros,
	 a.tmora,
	 a.balance,
	 a.atrasos,
	 a.estado
	 
	 FROM pagos a INNER JOIN	prestamos b ON (a.empresa_id = b.empresa_id AND a.prestamos_id=b.id)
	              INNER JOIN  clientes c ON  (b.empresa_id = c.empresa_id AND b.clientes_id=c.id)
								WHERE a.empresa_id = empresaId AND STR_TO_DATE( a.fecha, "%d/%m/%Y" ) BETWEEN  STR_TO_DATE(ini, "%d/%m/%Y" ) AND STR_TO_DATE( fin, "%d/%m/%Y" ) order by a.id asc;							 
	ELSE IF op = 2 THEN 
	
	SELECT 
	 a.id,
	 a.fecha,	 
	 c.nombre,
	 a.notransaccion as transaccion,
	 a.tcapital,
	 a.tinteres,
	 a.tseguro,
	 a.totros,
	 a.tmora,
	 a.balance,
	 a.atrasos,
	 a.estado
	 
	 FROM pagos a INNER JOIN	prestamos b ON (a.empresa_id = b.empresa_id AND a.prestamos_id=b.id)
	              INNER JOIN  clientes c ON  (b.empresa_id = c.empresa_id AND b.clientes_id=c.id)
								WHERE a.empresa_id = empresaId AND STR_TO_DATE( a.fecha, "%d/%m/%Y" ) BETWEEN  STR_TO_DATE(ini, "%d/%m/%Y" ) AND STR_TO_DATE( fin, "%d/%m/%Y" ) AND a.estado = 1 order by a.id asc;
	
	ELSE IF op = 3 THEN 
	
	SELECT 
	 a.id,
	 a.fecha,	 
	 c.nombre,
	 a.notransaccion as transaccion,
	 a.tcapital,
	 a.tinteres,
	 a.tseguro,
	 a.totros,
	 a.tmora,
	 a.balance,
	 a.atrasos,
	 a.estado
	 
	 FROM pagos a INNER JOIN	prestamos b ON (a.empresa_id = b.empresa_id AND a.prestamos_id=b.id)
	              INNER JOIN  clientes c ON  (b.empresa_id = c.empresa_id AND b.clientes_id=c.id)
								WHERE a.empresa_id = empresaId AND STR_TO_DATE( a.fecha, "%d/%m/%Y" ) BETWEEN  STR_TO_DATE(ini, "%d/%m/%Y" ) AND STR_TO_DATE( fin, "%d/%m/%Y" ) AND a.estado = 0 order by a.id asc; 
	
	END IF;	
	END IF;	
	END IF;
	
	
	
END
;;
delimiter ;

-- ----------------------------
-- Procedure structure for getReportesPagosHoy
-- ----------------------------
DROP PROCEDURE IF EXISTS `getReportesPagosHoy`;
delimiter ;;
CREATE PROCEDURE `getReportesPagosHoy`(IN `empresaId` int(10),IN op int(1))
BEGIN
	
	
	IF op = 1 THEN 
	
	
	SELECT 
	 a.id,
	 a.fecha,	 
	 c.nombre,
	 a.notransaccion as transaccion,
	 a.tcapital,
	 a.tinteres,
	 a.tseguro,
	 a.totros,
	 a.tmora,
	 a.balance,
	 a.atrasos,
	 a.estado
	 
	 FROM pagos a INNER JOIN	prestamos b ON (a.empresa_id = b.empresa_id AND a.prestamos_id=b.id)
	              INNER JOIN  clientes c ON  (b.empresa_id = c.empresa_id AND b.clientes_id=c.id)
								WHERE a.empresa_id = empresaId AND  a.fecha =  DATE_FORMAT(now(), "%d/%m/%Y" ) order by a.id asc;							 
	
	ELSE IF op = 2 THEN 
	
		
	SELECT 
	 a.id,
	 a.fecha,	 
	 c.nombre,
	 a.notransaccion as transaccion,
	 a.tcapital,
	 a.tinteres,
	 a.tseguro,
	 a.totros,
	 a.tmora,
	 a.balance,
	 a.atrasos,
	 a.estado
	 
	 FROM pagos a INNER JOIN	prestamos b ON (a.empresa_id = b.empresa_id AND a.prestamos_id=b.id)
	              INNER JOIN  clientes c ON  (b.empresa_id = c.empresa_id AND b.clientes_id=c.id)
								WHERE a.empresa_id = empresaId AND  a.fecha =  DATE_FORMAT(now(), "%d/%m/%Y" ) AND a.estado=1 order by a.id asc;	
	
	ELSE IF op = 3 THEN 

	
	SELECT 
	 a.id,
	 a.fecha,	 
	 c.nombre,
	 a.notransaccion as transaccion,
	 a.tcapital,
	 a.tinteres,
	 a.tseguro,
	 a.totros,
	 a.tmora,
	 a.balance,
	 a.atrasos,
	 a.estado
	 
	 FROM pagos a INNER JOIN	prestamos b ON (a.empresa_id = b.empresa_id AND a.prestamos_id=b.id)
	              INNER JOIN  clientes c ON  (b.empresa_id = c.empresa_id AND b.clientes_id=c.id)
								WHERE a.empresa_id = empresaId AND  a.fecha =  DATE_FORMAT(now(), "%d/%m/%Y" ) AND a.estado=0 order by a.id asc;	

  END IF; 
	END IF; 	
	END IF; 
END
;;
delimiter ;

-- ----------------------------
-- Procedure structure for getRutas
-- ----------------------------
DROP PROCEDURE IF EXISTS `getRutas`;
delimiter ;;
CREATE PROCEDURE `getRutas`(IN `empresaId` int(10))
BEGIN
	
	
SELECT
	a.id,
	a.nombres AS ruta,
	d.nombre AS usuario,
	d.cuenta,
	c.id AS cobrador 
FROM
	rutas a
	INNER JOIN cobradores_rutas b ON ( a.id = b.rutas_id AND a.empresa_id = b.empresa_id )
	INNER JOIN cobradores c ON ( c.id = b.cobradores_id AND b.empresa_id = c.empresa_id )
	INNER JOIN usuario d ON ( c.usuario_id = d.id AND c.empresa_id = d.empresa_id ) 
WHERE
	a.empresa_id = empresaId;
	
	

END
;;
delimiter ;

-- ----------------------------
-- Procedure structure for getRutasAll
-- ----------------------------
DROP PROCEDURE IF EXISTS `getRutasAll`;
delimiter ;;
CREATE PROCEDURE `getRutasAll`(IN `empresaId` int(10))
BEGIN
	
SELECT
	id,
	nombres,
	empresa_id,
	estado 
FROM
	rutas 
WHERE
	empresa_id = empresaId;
	

END
;;
delimiter ;

-- ----------------------------
-- Procedure structure for getRutasCobrador
-- ----------------------------
DROP PROCEDURE IF EXISTS `getRutasCobrador`;
delimiter ;;
CREATE PROCEDURE `getRutasCobrador`(IN `empresaId` int(10),IN cobradorId int(10))
BEGIN
	
	SELECT 
		 a.id,
		 b.cobradores_id,
		 b.empresa_id,
		 b.rutas_id,
		 a.nombres as ruta,
		 d.nombre,
		 d.cuenta
		 FROM rutas a INNER JOIN cobradores_rutas b ON (a.empresa_id=b.empresa_id AND a.id=b.rutas_id)
		              INNER JOIN cobradores c ON (b.empresa_id=c.empresa_id AND b.cobradores_id=c.id)
									INNER JOIN usuario d ON (c.empresa_id = d.empresa_id AND c.usuario_id=d.id)
									WHERE b.cobradores_id = cobradorId AND c.empresa_id =empresaId;
		
END
;;
delimiter ;

-- ----------------------------
-- Procedure structure for getRutasCobradorAll
-- ----------------------------
DROP PROCEDURE IF EXISTS `getRutasCobradorAll`;
delimiter ;;
CREATE PROCEDURE `getRutasCobradorAll`(IN `empresaId` int(10))
BEGIN
	
	SELECT 
		 a.id,
		 b.cobradores_id,
		 b.empresa_id,
		 b.rutas_id,
		 a.nombres as ruta,
		 d.nombre,
		 d.cuenta
		 FROM rutas a 
		 
		 INNER JOIN cobradores_rutas b ON (a.empresa_id=b.empresa_id AND a.id=b.rutas_id)
		 INNER JOIN cobradores c ON (b.empresa_id=c.empresa_id AND b.cobradores_id=c.id)
		 INNER JOIN usuario d ON (c.empresa_id = d.empresa_id AND c.usuario_id=d.id)
		 WHERE b.empresa_id=empresaId;
		
END
;;
delimiter ;

-- ----------------------------
-- Procedure structure for getRutasCobradorRutasId
-- ----------------------------
DROP PROCEDURE IF EXISTS `getRutasCobradorRutasId`;
delimiter ;;
CREATE PROCEDURE `getRutasCobradorRutasId`(IN `empresaId` int(10),IN cobradorId int(10),IN `rutasId` int(10))
BEGIN
	
	SELECT 
		 a.id,
		 b.cobradores_id,
		 b.empresa_id,
		 b.rutas_id,
		 a.nombres as ruta,
		 d.nombre,
		 d.cuenta
		 FROM rutas a INNER JOIN cobradores_rutas b ON (a.empresa_id=b.empresa_id AND a.id=b.rutas_id)
		              INNER JOIN cobradores c ON (b.empresa_id=c.empresa_id AND b.cobradores_id=c.id)
									INNER JOIN usuario d ON (c.empresa_id = d.empresa_id AND c.usuario_id=d.id)
									WHERE b.cobradores_id = cobradorId AND c.empresa_id =empresaId AND b.rutas_id = rutasId;
	
	
	
	
END
;;
delimiter ;

-- ----------------------------
-- Procedure structure for getRutasId
-- ----------------------------
DROP PROCEDURE IF EXISTS `getRutasId`;
delimiter ;;
CREATE PROCEDURE `getRutasId`(IN rutasId int(10),IN `empresaId` int(10))
BEGIN
	
SELECT
	id,
	nombres,
	empresa_id,
	estado 
FROM
	rutas 
WHERE
	empresa_id = empresaId AND id = rutasId;
	

END
;;
delimiter ;

-- ----------------------------
-- Procedure structure for getTiposPrestamos
-- ----------------------------
DROP PROCEDURE IF EXISTS `getTiposPrestamos`;
delimiter ;;
CREATE PROCEDURE `getTiposPrestamos`(IN `empresaId` int)
BEGIN
	
	
	SELECT id,descripcion FROM tipoprestamos;
	
	

END
;;
delimiter ;

-- ----------------------------
-- Procedure structure for getTipoUsuarios
-- ----------------------------
DROP PROCEDURE IF EXISTS `getTipoUsuarios`;
delimiter ;;
CREATE PROCEDURE `getTipoUsuarios`()
BEGIN
	SELECT id,descripcion as nombre from tipos;

END
;;
delimiter ;

-- ----------------------------
-- Procedure structure for getTipoUsuariosId
-- ----------------------------
DROP PROCEDURE IF EXISTS `getTipoUsuariosId`;
delimiter ;;
CREATE PROCEDURE `getTipoUsuariosId`(IN `tipoId` int(5))
BEGIN
	SELECT id,descripcion as nombre from tipos WHERE id = tipoId;

END
;;
delimiter ;

-- ----------------------------
-- Procedure structure for getTrabajos
-- ----------------------------
DROP PROCEDURE IF EXISTS `getTrabajos`;
delimiter ;;
CREATE PROCEDURE `getTrabajos`(IN `empresaId` int(10),IN `clientesId` int(10))
BEGIN
	SELECT 
			clientes_id,
	    empresa_id,
			nombre,
			direccion,
			telefono,
			sueldo,
			puesto
			FROM trabajos
			WHERE empresa_id =empresaId AND clientes_id = clientesId;
END
;;
delimiter ;

-- ----------------------------
-- Procedure structure for getUserId
-- ----------------------------
DROP PROCEDURE IF EXISTS `getUserId`;
delimiter ;;
CREATE PROCEDURE `getUserId`(IN empresaId int(10),IN `usuarioId` int(5))
BEGIN
	
	SELECT
	a.id,
	a.nombre,
	a.cuenta,
	a.clave,
	a.tipo_id,
	b.descripcion 
FROM
	`usuario` a
	INNER JOIN tipos b ON a.tipo_id = b.id 
WHERE
	a.id = usuarioId and a.empresa_id=empresaId;

END
;;
delimiter ;

-- ----------------------------
-- Procedure structure for getUserPassActual
-- ----------------------------
DROP PROCEDURE IF EXISTS `getUserPassActual`;
delimiter ;;
CREATE PROCEDURE `getUserPassActual`(IN empresaId int(10),IN `cuen` varchar(100),IN `pass` varchar(100))
BEGIN
	
	SELECT
	a.id,
	a.nombre,
	a.cuenta,
	a.tipo_id,
	b.descripcion AS tipo 
FROM
	usuario a
	INNER JOIN tipos b ON a.tipo_id = b.id 
WHERE
	a.cuenta = cuen 
	AND a.clave = pass AND a.empresa_id=empresaId;  

END
;;
delimiter ;

-- ----------------------------
-- Procedure structure for getUserRecordado
-- ----------------------------
DROP PROCEDURE IF EXISTS `getUserRecordado`;
delimiter ;;
CREATE PROCEDURE `getUserRecordado`()
BEGIN
	select cuenta,p as contrasea,recordar from user where recordar = 1;
END
;;
delimiter ;

-- ----------------------------
-- Procedure structure for getUsuarios
-- ----------------------------
DROP PROCEDURE IF EXISTS `getUsuarios`;
delimiter ;;
CREATE PROCEDURE `getUsuarios`(IN empresaId int(10))
BEGIN
	
	SELECT
	a.id,
	a.empresa_id,
	a.nombre,
	a.cuenta,
	b.descripcion AS tipo,
	a.estado 
FROM
	usuario a
	INNER JOIN tipos b ON a.tipo_id = b.id
	WHERE empresa_id=empresaId;
	
	

END
;;
delimiter ;

-- ----------------------------
-- Procedure structure for getUsuariosAll
-- ----------------------------
DROP PROCEDURE IF EXISTS `getUsuariosAll`;
delimiter ;;
CREATE PROCEDURE `getUsuariosAll`(IN empresaId int(10))
BEGIN
	
	SELECT
	a.id,
	a.empresa_id,
	a.nombre,
	a.cuenta,
	b.descripcion AS tipo,
	a.estado 
FROM
	usuario a
	INNER JOIN tipos b ON a.tipo_id = b.id
	WHERE empresa_id=empresaId;
	
	

END
;;
delimiter ;

-- ----------------------------
-- Procedure structure for getUsuariosCobradores
-- ----------------------------
DROP PROCEDURE IF EXISTS `getUsuariosCobradores`;
delimiter ;;
CREATE PROCEDURE `getUsuariosCobradores`(IN `empresaId` int(10))
BEGIN
	
	SELECT
	a.id,
	a.nombre,
	a.cuenta,
	a.clave,
	a.tipo_id,
	b.descripcion,
  c.id as cobradores_id
FROM
	`usuario` a
	INNER JOIN tipos b ON a.tipo_id = b.id
  INNER JOIN cobradores c ON (a.empresa_id=c.empresa_id AND c.usuario_id=a.id)	
WHERE
     a.empresa_id=empresaId AND a.id IN(SELECT usuario_id FROM cobradores WHERE empresa_id=empresaId);
	
	

END
;;
delimiter ;

-- ----------------------------
-- Procedure structure for getUsuariosId
-- ----------------------------
DROP PROCEDURE IF EXISTS `getUsuariosId`;
delimiter ;;
CREATE PROCEDURE `getUsuariosId`(IN empresaId int(10),IN `usuarioId` int(5))
BEGIN
	
	SELECT
	a.id,
	a.nombre,
	a.cuenta,
	a.clave,
	a.tipo_id,
	b.descripcion 
FROM
	`usuario` a
	INNER JOIN tipos b ON a.tipo_id = b.id 
WHERE
	a.id = usuarioId and a.empresa_id=empresaId;

END
;;
delimiter ;

-- ----------------------------
-- Procedure structure for getUsuariosNoCobrador
-- ----------------------------
DROP PROCEDURE IF EXISTS `getUsuariosNoCobrador`;
delimiter ;;
CREATE PROCEDURE `getUsuariosNoCobrador`(IN `empresaId` int(10))
BEGIN
	
	SELECT
	a.id,
	a.nombre,
	a.cuenta,
	a.clave,
	a.tipo_id,
	b.descripcion 
FROM
	`usuario` a
	INNER JOIN tipos b ON a.tipo_id = b.id 
WHERE
     a.empresa_id=empresaId AND a.id not IN(SELECT usuario_id FROM cobradores WHERE empresa_id=empresaId);
	
	

END
;;
delimiter ;

-- ----------------------------
-- Procedure structure for InsertarClientes
-- ----------------------------
DROP PROCEDURE IF EXISTS `InsertarClientes`;
delimiter ;;
CREATE PROCEDURE `InsertarClientes`(IN `clientesId` int(10),IN `empresaId` int(10),IN ced VARCHAR(20),IN `nom` varchar(200),IN `dir` varchar(255),IN `neg` varchar(255),IN `ubic` varchar(255),IN `tel1` varchar(20),IN `tel2` varchar(20),IN `estciv` varchar(20),IN `sex` varchar(20),IN `ema` varchar(100))
BEGIN
	
	IF clientesId=0 THEN 
	
	INSERT INTO clientes(
	    empresa_id,
			cedula,
			nombre,
			direccion,
			negocio,
			ubicacion,
			telefon1,
			telefon2,
			estadocivil,
			sexo,
			email
	)VALUES(
	    empresaId,
			ced,
			nom,
			dir,
			neg,
			ubic,
			tel1,
			tel2,
			estciv,
			sex,
			ema		
	);
	
	ELSE
	
	UPDATE 
	   clientes
		 SET 		
		  cedula = ced,
	  	nombre=nom,
			direccion=dir,
			negocio=neg,
			ubicacion=ubic,
			telefon1=tel1,
			telefon2=tel2,
			estadocivil=estciv,
			sexo=sex,
			email=ema
			WHERE empresa_id =empresaId AND id = clientesId;	 
	
	END IF;
	
	SELECT @@identity AS id;
END
;;
delimiter ;

-- ----------------------------
-- Procedure structure for InsertarCobradores
-- ----------------------------
DROP PROCEDURE IF EXISTS `InsertarCobradores`;
delimiter ;;
CREATE PROCEDURE `InsertarCobradores`(IN `usuariosId` int(10),IN `empresaId` int(10))
BEGIN
	
	#IF(select count(usuario_id) FROM cobradores WHERE usuarios_id=usuariosId AND empresa_id=empresaId ) > 0 THEN 
	#DELETE FROM cobradores WHERE usuarios_id=usuariosId AND empresa_id=empresaId;
	INSERT INTO cobradores(usuario_id,empresa_id)VALUES(usuariosId,empresaId);		
	#ELSE	
	#INSERT INTO cobradores(usuario_id,empresa_id)VALUES(usuariosId,empresaId);
	#END IF; 
	call getUsuariosCobradores(empresaId);
END
;;
delimiter ;

-- ----------------------------
-- Procedure structure for InsertarConfiguracion
-- ----------------------------
DROP PROCEDURE IF EXISTS `InsertarConfiguracion`;
delimiter ;;
CREATE PROCEDURE `InsertarConfiguracion`(IN `configId` int(10),IN `empresaId` int(10),IN `descrip` varchar(200),IN `va` double(10,2))
BEGIN
	
	IF configId = 0 THEN 
	
	INSERT INTO configuracion ( empresa_id, descripcion, valor )
VALUES
	( empresaId, descrip, va );
	
	ELSE
	
	UPDATE configuracion 
		SET descripcion = descrip,
		valor = va 
WHERE
		id = configId 
		AND empresa_id = empresaId;
	
	END IF;
	
call getConfiguracionAll(empresaId);	

END
;;
delimiter ;

-- ----------------------------
-- Procedure structure for InsertarCuotas
-- ----------------------------
DROP PROCEDURE IF EXISTS `InsertarCuotas`;
delimiter ;;
CREATE PROCEDURE `InsertarCuotas`(IN `prestamosId` int(20),IN `empresaId` int(10),IN `fech` varchar(20),IN `linea` int(10),IN `cap` double(15,2),IN `inte` double(15,2),IN `seguro` double(15,2))
BEGIN

INSERT INTO cuotas ( prestamos_id, empresa_id, fecha, npago, capital, interes, seguro, pcapital, pinteres, pseguro )
VALUES
	( prestamosId, empresaId, fech, linea, cap, inte, seguro, 0.00, 0.00, 0.00 );


END
;;
delimiter ;

-- ----------------------------
-- Procedure structure for InsertarDetallePagos
-- ----------------------------
DROP PROCEDURE IF EXISTS `InsertarDetallePagos`;
delimiter ;;
CREATE PROCEDURE `InsertarDetallePagos`(IN `pagosId` int(20),IN `empresaId` int(10),IN prestamosId int(20),IN `npag` int(10),IN deta VARCHAR(255),IN `cap` double(15,2),IN `inte` double(15,2),IN `segu` double(15,2),IN `totr` double(15,2),IN `tmor` double(15,2))
BEGIN
	
	
INSERT INTO detalle_pagos ( pagos_id, empresa_id, npago,detalle, tcapital, tinteres, tseguro, totros, tmora, balance, atrasos )
VALUES
	( pagosId, empresaId, npag,deta, cap, inte, segu, totr, tmor, 0.00, 0.00 );
	
call ActualizarCuotas(empresaId,prestamosId,npag,cap,inte,segu);



END
;;
delimiter ;

-- ----------------------------
-- Procedure structure for InsertarEmpresa
-- ----------------------------
DROP PROCEDURE IF EXISTS `InsertarEmpresa`;
delimiter ;;
CREATE PROCEDURE `InsertarEmpresa`(IN `ids` int(10),IN `rn` varchar(50),IN `nom` varchar(200),IN `tel` varchar(20),IN `dir` varchar(255),IN `slo` varchar(255),IN `pie1` varchar(255),IN `pie2` varchar(255),IN `pca` int(1),IN `pmo` int(1),IN `ema` varchar(100))
BEGIN
	
	IF ids = 0 THEN 
	
	INSERT INTO empresa( nombre, eslogan, rnc, direccion, telefonos, piepag1, piepag2, pcapital, pmora, email )
VALUES
	( rn, nom, tel, dir, slo, pie1, pie2, pca, pmo, ema );
	
	ELSE
	
	UPDATE empresa 
		SET nombre = nom,
		eslogan = slo,
		rnc = rn,
		direccion = dir,
		telefonos = tel,
		piepag1 = pie1,
		piepag2 = pie2,
		pcapital = pca,
		pmora = pmo,
		email = ema 
WHERE
	id = ids;
	
	END IF;
	call getEmpresa(ids);
END
;;
delimiter ;

-- ----------------------------
-- Procedure structure for InsertarPagos
-- ----------------------------
DROP PROCEDURE IF EXISTS `InsertarPagos`;
delimiter ;;
CREATE PROCEDURE `InsertarPagos`(IN `empresaId` int(10),IN `prestamosId` int(20),IN `notransa` varchar(100),IN `detaPagos` text,IN `tcap` double(15,2),IN `tint` double(15,2),IN `tsegu` double(15,2),IN `totr` double(15,2),IN `tmor` double(15,2),IN `cobradorId` int(10))
BEGIN

INSERT INTO pagos ( empresa_id, prestamos_id, notransaccion, fecha, detalle_pago, tcapital, tinteres, tseguro, totros, tmora, balance, atrasos, cobrador_id )
VALUES
	(
		empresaId,
		prestamosId,
		notransa,
		DATE_FORMAT( now( ), "%d/%m/%Y" ),
		detaPagos,
		tcap,
		tint,
		tsegu,
		totr,
		tmor,
		0.00,
		0.00,
	cobradorId);
	
	call ActualizarPrestamos(empresaId,prestamosId,tcap,tint,tmor,totr,tsegu);
	
	SELECT @@identity AS id;	
		
END
;;
delimiter ;

-- ----------------------------
-- Procedure structure for InsertarPrestamos
-- ----------------------------
DROP PROCEDURE IF EXISTS `InsertarPrestamos`;
delimiter ;;
CREATE PROCEDURE `InsertarPrestamos`(IN `clientesId` int(10),IN `empresaId` int(10),IN `tipoprestamosId` int(10),IN mint double(10,2),IN `mon` double(15,2),IN `inte` double(15,2),IN `cuo` double(15,2),IN `finicio` varchar(20),IN `fvence` varchar(20),IN `segu` double(15,2),IN `otro` double(15,2),IN `plazoId` int(10),IN cantipla int(10),IN `rutaId` int(10),IN `cobradorId` int(10))
BEGIN
	
	
	INSERT INTO prestamos (
	fecha,
	clientes_id,	
	empresa_id,
	tipoprestamos_id,
	minteres,
	monto,
	interes,
	cuota,
	inicio,
	vence,
	mora,
	seguro,
	otros,
	fecultpag,
	plazo_id,
	cantidadplazos,
	cappag,
	intpag,
	morpag,
	otrpag,
	segpag,
	ruta_id,
cobrador_id 
)VALUES(	
DATE_FORMAT(now(),"%d/%m/%Y"),
clientesId,
empresaId,
tipoprestamosId,
mint,
mon,
inte,
cuo,
finicio,
fvence,
0.00,
segu,
otro,
"",
plazoId,
cantipla,
0.00,
0.00,
0.00,
0.00,
0.00,
rutaId,
cobradorId
);
	
SELECT @@identity AS id;	
	
	
	
END
;;
delimiter ;

-- ----------------------------
-- Procedure structure for InsertarReferencias
-- ----------------------------
DROP PROCEDURE IF EXISTS `InsertarReferencias`;
delimiter ;;
CREATE PROCEDURE `InsertarReferencias`(IN `clientesId` int(10),IN `empresaId` int(10),IN ced VARCHAR(20),IN `nom` varchar(200),IN `dir` varchar(255),IN sex VARCHAR(20),IN `tel1` varchar(20),IN `parent`varchar(200),IN coode int(1))
BEGIN
	
	IF(SELECT count(clientes_id) FROM referencias WHERE nombres = nom AND clientes_id=clientesId)=0 THEN 
	
	INSERT INTO referencias(
	    clientes_id,
	    empresa_id,
			cedula,
			nombres,
			direccion,
			sexo,
			telefono,
			coodeudor,
			parentezco
	)VALUES(
	    clientesId,
	    empresaId,
			ced,
			nom,
			dir,
			sex,
			tel1,
			coode,
			parent);
	
	ELSE
	
	UPDATE 
	   referencias
		 SET 		
		  cedula=ced, 
	  	nombres=nom,
			direccion=dir,
			telefono=tel1,
			sexo=sex,
			parentezco=parent,
			coodeudor = coode
			WHERE nombres=nom AND empresa_id =empresaId AND clientes_id = clientesId;
			
	END IF;
	
	call getReferencias(empresaId,clientesId);
END
;;
delimiter ;

-- ----------------------------
-- Procedure structure for InsertarRutas
-- ----------------------------
DROP PROCEDURE IF EXISTS `InsertarRutas`;
delimiter ;;
CREATE PROCEDURE `InsertarRutas`(IN `rutasId` int(10),IN `nom` varchar(200),IN `empresaId` int(10))
BEGIN
	
	IF rutasId = 0 THEN 
	
	INSERT INTO rutas ( nombres, empresa_id )
VALUES
	( nom, empresaId );
	
	ELSE
	
	UPDATE rutas 
SET nombres = nom 
WHERE
	id = rutasId 
	AND empresa_id = empresaId;
	
	END IF;
	
	
	call getRutasAll(empresaId);

END
;;
delimiter ;

-- ----------------------------
-- Procedure structure for InsertarRutasCobradores
-- ----------------------------
DROP PROCEDURE IF EXISTS `InsertarRutasCobradores`;
delimiter ;;
CREATE PROCEDURE `InsertarRutasCobradores`(IN `empresaId` int(10),IN `cobradorId` int(10),IN `rutaId` int(10))
BEGIN
	IF (SELECT count(cobradores_id) FROM cobradores_rutas WHERE empresa_id = empresaId AND cobradores_id =cobradorId AND rutas_id =rutaId )>0 THEN 
	DELETE FROM cobradores_rutas WHERE empresa_id =empresaId AND cobradores_id =cobradorId AND rutas_id =rutaId; 
	INSERT INTO cobradores_rutas(empresa_id,cobradores_id,rutas_id)VALUES(empresaId,cobradorId,rutaId);
	ELSE
	INSERT INTO cobradores_rutas(empresa_id,cobradores_id,rutas_id)VALUES(empresaId,cobradorId,rutaId);	
	END IF;
  #call getRutasCobrador(empresaId,cobradorId,rutaId);
END
;;
delimiter ;

-- ----------------------------
-- Procedure structure for InsertarTipoUsuarios
-- ----------------------------
DROP PROCEDURE IF EXISTS `InsertarTipoUsuarios`;
delimiter ;;
CREATE PROCEDURE `InsertarTipoUsuarios`(IN tipoId int(5),IN `descrip` varchar(200))
BEGIN
	
	
	IF tipoId = 0 THEN 
	
	INSERT INTO tipos(descripcion)VALUES(descrip);
	
	ELSE
	
	UPDATE tipos SET descripcion=descrip WHERE id = tipoId;
	
	END IF;
	
	CALL getTipoUsuarios();

END
;;
delimiter ;

-- ----------------------------
-- Procedure structure for InsertarTrabajos
-- ----------------------------
DROP PROCEDURE IF EXISTS `InsertarTrabajos`;
delimiter ;;
CREATE PROCEDURE `InsertarTrabajos`(IN `clientesId` int(10),IN `empresaId` int(10),IN `nom` varchar(200),IN `dir` varchar(255),IN `tel1` varchar(20),IN `sueld` double(10,2),IN `pues` varchar(200))
BEGIN
	
	IF(SELECT count(clientes_id) FROM trabajos WHERE nombre = nom AND clientes_id=clientesId)=0 THEN 
	
	INSERT INTO trabajos(
	    clientes_id,
	    empresa_id,
			nombre,
			direccion,
			telefono,
			sueldo,
			puesto
	)VALUES(
	    clientesId,
	    empresaId,
			nom,
			dir,
			tel1,
			sueld,
			pues);
	
	ELSE
	
	UPDATE 
	   trabajos
		 SET 		
	  	nombre=nom,
			direccion=dir,
			telefono=tel1,
			sueldo=sueld,
			puesto=pues
			WHERE nombre=nom AND empresa_id =empresaId AND clientes_id = clientesId;	 
	
	END IF;
	
	CALL getTrabajos(empresaId,clientesId);
	
END
;;
delimiter ;

-- ----------------------------
-- Procedure structure for InsertarUsuario
-- ----------------------------
DROP PROCEDURE IF EXISTS `InsertarUsuario`;
delimiter ;;
CREATE PROCEDURE `InsertarUsuario`(IN userId int(5),IN empreId int(10),IN `nomb` varchar(200),IN `cuen` varchar(100),IN `clav` varchar(100),IN `tipo` int(2))
BEGIN
	
	IF userId = 0 THEN  
	IF(SELECT count(*) from usuario WHERE empresa_id = empreId AND cuenta = cuen)=0 THEN 
	  insert into usuario(empresa_id,nombre,cuenta,clave,tipo_id)VALUES(empreId,nomb,cuen,clav,tipo);
		SELECT 1 as resultado;
		ELSE
		SELECT 0 as resultado;
		END IF;
	ELSE
		  update usuario set  nombre=nomb,tipo_id = tipo WHERE id = userId AND empresa_id = empreId;
			SELECT 1 as resultado;
	END IF; 
	
	
END
;;
delimiter ;

-- ----------------------------
-- Procedure structure for login
-- ----------------------------
DROP PROCEDURE IF EXISTS `login`;
delimiter ;;
CREATE PROCEDURE `login`(IN `cuen` varchar(100))
BEGIN

SELECT
	a.id,
	b.id As empresaId,
	a.nombre,
	a.cuenta,
	a.clave,
	a.tipo_id,
	c.nombre as nombreempresa,
	c.telefonos,
	c.direccion,
	c.piepag1,
	c.piepag2,
	c.rnc,
	b.descripcion AS tipo 
FROM
	usuario a
	INNER JOIN tipos b ON a.tipo_id = b.id
	INNER JOIN empresa c ON a.empresa_id = c.id 
WHERE
	a.cuenta = cuen 
	AND a.estado = 1;

END
;;
delimiter ;

-- ----------------------------
-- Procedure structure for QuitarCobradores
-- ----------------------------
DROP PROCEDURE IF EXISTS `QuitarCobradores`;
delimiter ;;
CREATE PROCEDURE `QuitarCobradores`(IN `empresaId` int,IN `usuarioId` int)
BEGIN
	DELETE FROM cobradores WHERE usuario_id=usuarioId AND empresa_id=empresaId;
END
;;
delimiter ;

-- ----------------------------
-- Procedure structure for QuitarRutasCobrador
-- ----------------------------
DROP PROCEDURE IF EXISTS `QuitarRutasCobrador`;
delimiter ;;
CREATE PROCEDURE `QuitarRutasCobrador`(IN `empresaId` int(10),IN `cobradorId` int(10),IN `rutaId` int(10))
BEGIN
	
DELETE FROM cobradores_rutas WHERE empresa_id = empresaId AND cobradores_id =cobradorId AND rutas_id =rutaId;

call getRutasCobradorAll(empresaId);
	

END
;;
delimiter ;

-- ----------------------------
-- Procedure structure for TieneInformacion
-- ----------------------------
DROP PROCEDURE IF EXISTS `TieneInformacion`;
delimiter ;;
CREATE PROCEDURE `TieneInformacion`(IN `empresaId` int,IN `clientesId` int)
BEGIN
	
	
	SELECT
	count( id ) AS informacion 
FROM
	prestamos 
WHERE
	empresa_id = empresaId 
	AND clientes_id = clientesId;
	
	

END
;;
delimiter ;

SET FOREIGN_KEY_CHECKS = 1;
